<?xml version="1.0" encoding="UTF-8" standalone="yes" ?>
<!DOCTYPE boost_serialization>
<boost_serialization signature="serialization::archive" version="9">
<DtScriptedTaskMetaData class_id="0" tracking_level="0" version="8">
	<myScriptId>AngryCrowd</myScriptId>
	<myMenuText>Angry Crowd</myMenuText>
	<myToolTip></myToolTip>
	<myMenuIcon></myMenuIcon>
	<myVersion>1</myVersion>
	<myScriptEngine>lua</myScriptEngine>
	<myComments></myComments>
	<myMenuLocations class_id="1" tracking_level="0" version="0">
		<count>1</count>
		<item_version>0</item_version>
		<item>$(menutext)</item>
	</myMenuLocations>
	<myIsSystemScript>1</myIsSystemScript>
	<myDescription>Let&apos;s you build angry crowds for DI-Guys. Only works with male and female adult civilians and crowd civilians.  Male and female civilians have 4 angry animations. 10 repetitions takes about 1:15 min. Male and female civilian crowd entities have 7 angry animations. 10 repetitions takes about 3 min.</myDescription>
	<myScriptLocation></myScriptLocation>
	<myDirectoryPath>Examples</myDirectoryPath>
	<myEntityTypes>
		<count>1</count>
		<item_version>0</item_version>
		<item>3:-1:-1:-1:-1:-1:-1</item>
	</myEntityTypes>
	<myVariables>
		<count>2</count>
		<item_version>0</item_version>
		<item>&lt;?xml version=&quot;1.0&quot; encoding=&quot;UTF-8&quot; standalone=&quot;yes&quot; ?&gt;
&lt;!DOCTYPE boost_serialization&gt;
&lt;boost_serialization signature=&quot;serialization::archive&quot; version=&quot;9&quot;&gt;
&lt;DtScriptedTaskVariable class_id=&quot;0&quot; tracking_level=&quot;0&quot; version=&quot;3&quot;&gt;
	&lt;myVariableName&gt;taskRepetitions&lt;/myVariableName&gt;
	&lt;myType&gt;integer&lt;/myType&gt;
	&lt;myLabel&gt;Repetitions&lt;/myLabel&gt;
	&lt;myToolTip&gt;The number of tasks to execute. Each task takes 2-5 seconds. So 20 repetitions is about one minute.&lt;/myToolTip&gt;
	&lt;myDefaultValue&gt;10&lt;/myDefaultValue&gt;
	&lt;myRangeBottom&gt;1&lt;/myRangeBottom&gt;
	&lt;myRangeTop&gt;100000&lt;/myRangeTop&gt;
	&lt;myVariableData&gt;&lt;/myVariableData&gt;
	&lt;myVisible&gt;1&lt;/myVisible&gt;
	&lt;myIndent&gt;0&lt;/myIndent&gt;
	&lt;myInternal&gt;0&lt;/myInternal&gt;
&lt;/DtScriptedTaskVariable&gt;
</item>
		<item>&lt;?xml version=&quot;1.0&quot; encoding=&quot;UTF-8&quot; standalone=&quot;yes&quot; ?&gt;
&lt;!DOCTYPE boost_serialization&gt;
&lt;boost_serialization signature=&quot;serialization::archive&quot; version=&quot;9&quot;&gt;
&lt;DtScriptedTaskVariable class_id=&quot;0&quot; tracking_level=&quot;0&quot; version=&quot;3&quot;&gt;
	&lt;myVariableName&gt;randomness&lt;/myVariableName&gt;
	&lt;myType&gt;radio-combo&lt;/myType&gt;
	&lt;myLabel&gt;Task Sequence&lt;/myLabel&gt;
	&lt;myToolTip&gt;Sequential from starting task picks a task at random and then executes each task in order. Random picks tasks randomly.&lt;/myToolTip&gt;
	&lt;myDefaultValue&gt;Random&lt;/myDefaultValue&gt;
	&lt;myRangeBottom&gt;-100000&lt;/myRangeBottom&gt;
	&lt;myRangeTop&gt;100000&lt;/myRangeTop&gt;
	&lt;myVariableData&gt;Sequential from starting task;Random&lt;/myVariableData&gt;
	&lt;myVisible&gt;1&lt;/myVisible&gt;
	&lt;myIndent&gt;0&lt;/myIndent&gt;
	&lt;myInternal&gt;0&lt;/myInternal&gt;
&lt;/DtScriptedTaskVariable&gt;
</item>
	</myVariables>
	<myScript></myScript>
	<myActionCategories>Movement</myActionCategories>
	<myShowInMenu>0</myShowInMenu>
	<myEncrypted>0</myEncrypted>
	<myScriptType>1</myScriptType>
	<myDoctrines></myDoctrines>
	<myFlags>1</myFlags>
	<myShowInToolbar>0</myShowInToolbar>
	<myToolbarLocation></myToolbarLocation>
	<myExtendedMenuText></myExtendedMenuText>
</DtScriptedTaskMetaData>
</boost_serialization>

