<?xml version="1.0" encoding="UTF-8" standalone="yes" ?>
<!DOCTYPE boost_serialization>
<boost_serialization signature="serialization::archive" version="9">
<DtScriptedTaskMetaData class_id="0" tracking_level="0" version="8">
	<myScriptId>Attack_Aircraft_with_Guns</myScriptId>
	<myMenuText>Attack Aircraft with Guns</myMenuText>
	<myToolTip></myToolTip>
	<myMenuIcon></myMenuIcon>
	<myVersion>1</myVersion>
	<myScriptEngine>lua</myScriptEngine>
	<myComments></myComments>
	<myMenuLocations class_id="1" tracking_level="0" version="0">
		<count>1</count>
		<item_version>0</item_version>
		<item>Engagement/$(menutext)&gt;Engagement/Strafe_Ground_Target</item>
	</myMenuLocations>
	<myIsSystemScript>1</myIsSystemScript>
	<myDescription>Fly toward the target aircraft and when within range, shoot guns at it; then break off.</myDescription>
	<myScriptLocation></myScriptLocation>
	<myDirectoryPath>Aircraft</myDirectoryPath>
	<myEntityTypes>
		<count>0</count>
		<item_version>0</item_version>
	</myEntityTypes>
	<myVariables>
		<count>1</count>
		<item_version>0</item_version>
		<item>&lt;?xml version=&quot;1.0&quot; encoding=&quot;UTF-8&quot; standalone=&quot;yes&quot; ?&gt;
&lt;!DOCTYPE boost_serialization&gt;
&lt;boost_serialization signature=&quot;serialization::archive&quot; version=&quot;9&quot;&gt;
&lt;DtScriptedTaskVariable class_id=&quot;0&quot; tracking_level=&quot;0&quot; version=&quot;3&quot;&gt;
	&lt;myVariableName&gt;target&lt;/myVariableName&gt;
	&lt;myType&gt;simulationobject&lt;/myType&gt;
	&lt;myLabel&gt;Target&lt;/myLabel&gt;
	&lt;myToolTip&gt;Target aircraft entity&lt;/myToolTip&gt;
	&lt;myDefaultValue&gt;Entities&lt;/myDefaultValue&gt;
	&lt;myRangeBottom&gt;-100000&lt;/myRangeBottom&gt;
	&lt;myRangeTop&gt;100000&lt;/myRangeTop&gt;
	&lt;myVariableData&gt;DtAllEntitiesByForceFilter&lt;/myVariableData&gt;
	&lt;myVisible&gt;1&lt;/myVisible&gt;
	&lt;myIndent&gt;0&lt;/myIndent&gt;
	&lt;myInternal&gt;0&lt;/myInternal&gt;
&lt;/DtScriptedTaskVariable&gt;
</item>
	</myVariables>
	<myScript></myScript>
	<myActionCategories>Movement;Weapon</myActionCategories>
	<myShowInMenu>1</myShowInMenu>
	<myEncrypted>0</myEncrypted>
	<myScriptType>1</myScriptType>
	<myDoctrines></myDoctrines>
	<myFlags>1</myFlags>
	<myShowInToolbar>0</myShowInToolbar>
	<myToolbarLocation></myToolbarLocation>
	<myExtendedMenuText></myExtendedMenuText>
</DtScriptedTaskMetaData>
</boost_serialization>

