<?xml version="1.0" encoding="UTF-8" standalone="yes" ?>
<!DOCTYPE boost_serialization>
<boost_serialization signature="serialization::archive" version="9">
<DtScriptedTaskMetaData class_id="0" tracking_level="0" version="8">
	<myScriptId>find-cover-point</myScriptId>
	<myMenuText>Find Cover Point</myMenuText>
	<myToolTip></myToolTip>
	<myMenuIcon></myMenuIcon>
	<myVersion>1</myVersion>
	<myScriptEngine>c++</myScriptEngine>
	<myComments></myComments>
	<myMenuLocations class_id="1" tracking_level="0" version="0">
		<count>1</count>
		<item_version>0</item_version>
		<item>Movement/$(menutext)&lt;Movement/flee</item>
	</myMenuLocations>
	<myIsSystemScript>1</myIsSystemScript>
	<myDescription>The entity searches for and, if found, moves to a point from which it cannot be seen by the specified targets. The entity searches within the specified radius using a grid. The spacing of points in the grid is based on the post spacing defined in the descriptor for the task controller.</myDescription>
	<myScriptLocation></myScriptLocation>
	<myDirectoryPath>Human</myDirectoryPath>
	<myEntityTypes>
		<count>1</count>
		<item_version>0</item_version>
		<item>-1:-1:-1:-1:-1:-1:-1</item>
	</myEntityTypes>
	<myVariables>
		<count>2</count>
		<item_version>0</item_version>
		<item>&lt;?xml version=&quot;1.0&quot; encoding=&quot;UTF-8&quot; standalone=&quot;yes&quot; ?&gt;
&lt;!DOCTYPE boost_serialization&gt;
&lt;boost_serialization signature=&quot;serialization::archive&quot; version=&quot;9&quot;&gt;
&lt;DtScriptedTaskVariable class_id=&quot;0&quot; tracking_level=&quot;0&quot; version=&quot;3&quot;&gt;
	&lt;myVariableName&gt;findCoverFrom&lt;/myVariableName&gt;
	&lt;myType&gt;simulationobjects&lt;/myType&gt;
	&lt;myLabel&gt;Find Cover From&lt;/myLabel&gt;
	&lt;myToolTip&gt;&lt;/myToolTip&gt;
	&lt;myDefaultValue&gt;All Entities&lt;/myDefaultValue&gt;
	&lt;myRangeBottom&gt;-100000&lt;/myRangeBottom&gt;
	&lt;myRangeTop&gt;100000&lt;/myRangeTop&gt;
	&lt;myVariableData&gt;DtAllEntitiesFilter&lt;/myVariableData&gt;
	&lt;myVisible&gt;1&lt;/myVisible&gt;
	&lt;myIndent&gt;0&lt;/myIndent&gt;
	&lt;myInternal&gt;0&lt;/myInternal&gt;
&lt;/DtScriptedTaskVariable&gt;
</item>
		<item>&lt;?xml version=&quot;1.0&quot; encoding=&quot;UTF-8&quot; standalone=&quot;yes&quot; ?&gt;
&lt;!DOCTYPE boost_serialization&gt;
&lt;boost_serialization signature=&quot;serialization::archive&quot; version=&quot;9&quot;&gt;
&lt;DtScriptedTaskVariable class_id=&quot;0&quot; tracking_level=&quot;0&quot; version=&quot;3&quot;&gt;
	&lt;myVariableName&gt;radius&lt;/myVariableName&gt;
	&lt;myType&gt;range&lt;/myType&gt;
	&lt;myLabel&gt;Radius:&lt;/myLabel&gt;
	&lt;myToolTip&gt;&lt;/myToolTip&gt;
	&lt;myDefaultValue&gt;50&lt;/myDefaultValue&gt;
	&lt;myRangeBottom&gt;0&lt;/myRangeBottom&gt;
	&lt;myRangeTop&gt;100000&lt;/myRangeTop&gt;
	&lt;myVariableData&gt;&lt;/myVariableData&gt;
	&lt;myVisible&gt;1&lt;/myVisible&gt;
	&lt;myIndent&gt;0&lt;/myIndent&gt;
	&lt;myInternal&gt;0&lt;/myInternal&gt;
&lt;/DtScriptedTaskVariable&gt;
</item>
	</myVariables>
	<myScript></myScript>
	<myActionCategories>Movement</myActionCategories>
	<myShowInMenu>1</myShowInMenu>
	<myEncrypted>0</myEncrypted>
	<myScriptType>1</myScriptType>
	<myDoctrines></myDoctrines>
	<myFlags>1</myFlags>
	<myShowInToolbar>0</myShowInToolbar>
	<myToolbarLocation></myToolbarLocation>
	<myExtendedMenuText></myExtendedMenuText>
</DtScriptedTaskMetaData>
</boost_serialization>

