<?xml version="1.0" encoding="UTF-8" standalone="yes" ?>
<!DOCTYPE boost_serialization>
<boost_serialization signature="serialization::archive" version="9">
<DtScriptedTaskMetaData class_id="0" tracking_level="0" version="8">
	<myScriptId>Fixed_Wing_Carrier_Land</myScriptId>
	<myMenuText>Land on Carrier</myMenuText>
	<myToolTip></myToolTip>
	<myMenuIcon></myMenuIcon>
	<myVersion>1</myVersion>
	<myScriptEngine>lua</myScriptEngine>
	<myComments></myComments>
	<myMenuLocations class_id="1" tracking_level="0" version="0">
		<count>1</count>
		<item_version>0</item_version>
		<item>Movement/$(menutext)&gt;Movement/Taxi_And_Launch</item>
	</myMenuLocations>
	<myIsSystemScript>1</myIsSystemScript>
	<myDescription>Flies the aircraft on an approach and then lands it on the angled flight deck of the carrier (indicated by the selected route).
ONLY FOR A CARRIER THAT IS PART OF THE TERRAIN.</myDescription>
	<myScriptLocation></myScriptLocation>
	<myDirectoryPath>Carrier Demo</myDirectoryPath>
	<myEntityTypes>
		<count>8</count>
		<item_version>0</item_version>
		<item>1:2:-1:1:-1:-1:-1</item>
		<item>1:2:-1:2:-1:-1:-1</item>
		<item>1:2:-1:3:-1:-1:-1</item>
		<item>1:2:-1:4:-1:-1:-1</item>
		<item>1:2:-1:5:-1:-1:-1</item>
		<item>1:2:-1:6:-1:-1:-1</item>
		<item>1:2:-1:8:-1:-1:-1</item>
		<item>1:2:-1:7:-1:-1:-1</item>
	</myEntityTypes>
	<myVariables>
		<count>1</count>
		<item_version>0</item_version>
		<item>&lt;?xml version=&quot;1.0&quot; encoding=&quot;UTF-8&quot; standalone=&quot;yes&quot; ?&gt;
&lt;!DOCTYPE boost_serialization&gt;
&lt;boost_serialization signature=&quot;serialization::archive&quot; version=&quot;9&quot;&gt;
&lt;DtScriptedTaskVariable class_id=&quot;0&quot; tracking_level=&quot;0&quot; version=&quot;3&quot;&gt;
	&lt;myVariableName&gt;runway&lt;/myVariableName&gt;
	&lt;myType&gt;simulationobject&lt;/myType&gt;
	&lt;myLabel&gt;Runway Route&lt;/myLabel&gt;
	&lt;myToolTip&gt;A route object defining the carrier landing area.The first point of the route should be the beginning of the deck, and the second should be at the 3rd wire.&lt;/myToolTip&gt;
	&lt;myDefaultValue&gt;Routes&lt;/myDefaultValue&gt;
	&lt;myRangeBottom&gt;-100000&lt;/myRangeBottom&gt;
	&lt;myRangeTop&gt;100000&lt;/myRangeTop&gt;
	&lt;myVariableData&gt;DtRoutesFilter&lt;/myVariableData&gt;
	&lt;myVisible&gt;1&lt;/myVisible&gt;
	&lt;myIndent&gt;0&lt;/myIndent&gt;
	&lt;myInternal&gt;0&lt;/myInternal&gt;
&lt;/DtScriptedTaskVariable&gt;
</item>
	</myVariables>
	<myScript></myScript>
	<myActionCategories>Movement</myActionCategories>
	<myShowInMenu>1</myShowInMenu>
	<myEncrypted>0</myEncrypted>
	<myScriptType>1</myScriptType>
	<myDoctrines></myDoctrines>
	<myFlags>1</myFlags>
	<myShowInToolbar>0</myShowInToolbar>
	<myToolbarLocation></myToolbarLocation>
	<myExtendedMenuText></myExtendedMenuText>
</DtScriptedTaskMetaData>
</boost_serialization>

