<?xml version="1.0" encoding="UTF-8" standalone="yes" ?>
<!DOCTYPE boost_serialization>
<boost_serialization signature="serialization::archive" version="8">
<DtScriptedTaskMetaData class_id="0" tracking_level="0" version="6">
	<myScriptId>Naval_Mine_Sweep</myScriptId>
	<myMenuText>Sweep Naval Mines</myMenuText>
	<myToolTip></myToolTip>
	<myMenuIcon></myMenuIcon>
	<myVersion>1</myVersion>
	<myScriptEngine>lua</myScriptEngine>
	<myComments></myComments>
	<myMenuLocations class_id="1" tracking_level="0" version="0">
		<count>1</count>
		<item_version>0</item_version>
		<item>Movement/$(menutext)&lt;Movement/DtVrfTaskPatrolObjectsAction</item>
	</myMenuLocations>
	<myIsSystemScript>1</myIsSystemScript>
	<myDescription>Sweep for mines along a route and disarm (and delete) those within range. The error rate is the percentage chance of failing to deactivate a mine within range.</myDescription>
	<myScriptLocation></myScriptLocation>
	<myDirectoryPath>Naval Warfare/Mines</myDirectoryPath>
	<myEntityTypes>
		<count>0</count>
		<item_version>0</item_version>
	</myEntityTypes>
	<myVariables>
		<count>3</count>
		<item_version>0</item_version>
		<item>&lt;?xml version=&quot;1.0&quot; encoding=&quot;UTF-8&quot; standalone=&quot;yes&quot; ?&gt;
&lt;!DOCTYPE boost_serialization&gt;
&lt;boost_serialization signature=&quot;serialization::archive&quot; version=&quot;8&quot;&gt;
&lt;DtScriptedTaskVariable class_id=&quot;0&quot; tracking_level=&quot;0&quot; version=&quot;3&quot;&gt;
	&lt;myVariableName&gt;sweep_route&lt;/myVariableName&gt;
	&lt;myType&gt;simulationobject&lt;/myType&gt;
	&lt;myLabel&gt;Sweep Route:&lt;/myLabel&gt;
	&lt;myToolTip&gt;The route along which to sweep for mines.&lt;/myToolTip&gt;
	&lt;myDefaultValue&gt;Routes&lt;/myDefaultValue&gt;
	&lt;myRangeBottom&gt;-100000&lt;/myRangeBottom&gt;
	&lt;myRangeTop&gt;100000&lt;/myRangeTop&gt;
	&lt;myVariableData&gt;DtRoutesFilter&lt;/myVariableData&gt;
	&lt;myVisible&gt;1&lt;/myVisible&gt;
	&lt;myIndent&gt;0&lt;/myIndent&gt;
	&lt;myInternal&gt;0&lt;/myInternal&gt;
&lt;/DtScriptedTaskVariable&gt;
</item>
		<item>&lt;?xml version=&quot;1.0&quot; encoding=&quot;UTF-8&quot; standalone=&quot;yes&quot; ?&gt;
&lt;!DOCTYPE boost_serialization&gt;
&lt;boost_serialization signature=&quot;serialization::archive&quot; version=&quot;8&quot;&gt;
&lt;DtScriptedTaskVariable class_id=&quot;0&quot; tracking_level=&quot;0&quot; version=&quot;3&quot;&gt;
	&lt;myVariableName&gt;sense_range&lt;/myVariableName&gt;
	&lt;myType&gt;range&lt;/myType&gt;
	&lt;myLabel&gt;Sensing Range&lt;/myLabel&gt;
	&lt;myToolTip&gt;The range from the entity at which mines can be disarmed.&lt;/myToolTip&gt;
	&lt;myDefaultValue&gt;300&lt;/myDefaultValue&gt;
	&lt;myRangeBottom&gt;0&lt;/myRangeBottom&gt;
	&lt;myRangeTop&gt;100000&lt;/myRangeTop&gt;
	&lt;myVariableData&gt;&lt;/myVariableData&gt;
	&lt;myVisible&gt;1&lt;/myVisible&gt;
	&lt;myIndent&gt;0&lt;/myIndent&gt;
	&lt;myInternal&gt;0&lt;/myInternal&gt;
&lt;/DtScriptedTaskVariable&gt;
</item>
		<item>&lt;?xml version=&quot;1.0&quot; encoding=&quot;UTF-8&quot; standalone=&quot;yes&quot; ?&gt;
&lt;!DOCTYPE boost_serialization&gt;
&lt;boost_serialization signature=&quot;serialization::archive&quot; version=&quot;8&quot;&gt;
&lt;DtScriptedTaskVariable class_id=&quot;0&quot; tracking_level=&quot;0&quot; version=&quot;3&quot;&gt;
	&lt;myVariableName&gt;miss_chance&lt;/myVariableName&gt;
	&lt;myType&gt;double&lt;/myType&gt;
	&lt;myLabel&gt;Disarm Failure Probability (%):&lt;/myLabel&gt;
	&lt;myToolTip&gt;Probability that a mine within range will not be deactivated.&lt;/myToolTip&gt;
	&lt;myDefaultValue&gt;0&lt;/myDefaultValue&gt;
	&lt;myRangeBottom&gt;0&lt;/myRangeBottom&gt;
	&lt;myRangeTop&gt;100&lt;/myRangeTop&gt;
	&lt;myVariableData&gt;&lt;/myVariableData&gt;
	&lt;myVisible&gt;1&lt;/myVisible&gt;
	&lt;myIndent&gt;0&lt;/myIndent&gt;
	&lt;myInternal&gt;0&lt;/myInternal&gt;
&lt;/DtScriptedTaskVariable&gt;
</item>
	</myVariables>
	<myScript></myScript>
	<myActionCategories>Movement</myActionCategories>
	<myShowInMenu>1</myShowInMenu>
	<myEncrypted>0</myEncrypted>
	<myScriptType>1</myScriptType>
	<myDoctrines></myDoctrines>
	<myFlags>1</myFlags>
</DtScriptedTaskMetaData>
</boost_serialization>

