<?xml version="1.0" encoding="UTF-8" standalone="yes" ?>
<!DOCTYPE boost_serialization>
<boost_serialization signature="serialization::archive" version="8">
<DtScriptedTaskMetaData class_id="0" tracking_level="0" version="6">
	<myScriptId>Sonar_Dip</myScriptId>
	<myMenuText>Sonar Dip</myMenuText>
	<myToolTip></myToolTip>
	<myMenuIcon></myMenuIcon>
	<myVersion>1</myVersion>
	<myScriptEngine>lua</myScriptEngine>
	<myComments></myComments>
	<myMenuLocations class_id="1" tracking_level="0" version="0">
		<count>1</count>
		<item_version>0</item_version>
		<item>$(menutext)</item>
	</myMenuLocations>
	<myIsSystemScript>1</myIsSystemScript>
	<myDescription>Moves the entity to the given location, then turns on a sonar at the given depth. The sonar is left on for the given duration.</myDescription>
	<myScriptLocation></myScriptLocation>
	<myDirectoryPath>Naval Warfare/Sonar</myDirectoryPath>
	<myEntityTypes>
		<count>0</count>
		<item_version>0</item_version>
	</myEntityTypes>
	<myVariables>
		<count>4</count>
		<item_version>0</item_version>
		<item>&lt;?xml version=&quot;1.0&quot; encoding=&quot;UTF-8&quot; standalone=&quot;yes&quot; ?&gt;
&lt;!DOCTYPE boost_serialization&gt;
&lt;boost_serialization signature=&quot;serialization::archive&quot; version=&quot;8&quot;&gt;
&lt;DtScriptedTaskVariable class_id=&quot;0&quot; tracking_level=&quot;0&quot; version=&quot;3&quot;&gt;
	&lt;myVariableName&gt;location&lt;/myVariableName&gt;
	&lt;myType&gt;location&lt;/myType&gt;
	&lt;myLabel&gt;Location&lt;/myLabel&gt;
	&lt;myToolTip&gt;Location of sonar dip&lt;/myToolTip&gt;
	&lt;myDefaultValue&gt;&lt;/myDefaultValue&gt;
	&lt;myRangeBottom&gt;-100000&lt;/myRangeBottom&gt;
	&lt;myRangeTop&gt;100000&lt;/myRangeTop&gt;
	&lt;myVariableData&gt;&lt;/myVariableData&gt;
	&lt;myVisible&gt;1&lt;/myVisible&gt;
	&lt;myIndent&gt;0&lt;/myIndent&gt;
	&lt;myInternal&gt;0&lt;/myInternal&gt;
&lt;/DtScriptedTaskVariable&gt;
</item>
		<item>&lt;?xml version=&quot;1.0&quot; encoding=&quot;UTF-8&quot; standalone=&quot;yes&quot; ?&gt;
&lt;!DOCTYPE boost_serialization&gt;
&lt;boost_serialization signature=&quot;serialization::archive&quot; version=&quot;8&quot;&gt;
&lt;DtScriptedTaskVariable class_id=&quot;0&quot; tracking_level=&quot;0&quot; version=&quot;3&quot;&gt;
	&lt;myVariableName&gt;duration&lt;/myVariableName&gt;
	&lt;myType&gt;time&lt;/myType&gt;
	&lt;myLabel&gt;Duration: &lt;/myLabel&gt;
	&lt;myToolTip&gt;Time to spend dipping sonar&lt;/myToolTip&gt;
	&lt;myDefaultValue&gt;&lt;/myDefaultValue&gt;
	&lt;myRangeBottom&gt;-100000&lt;/myRangeBottom&gt;
	&lt;myRangeTop&gt;100000&lt;/myRangeTop&gt;
	&lt;myVariableData&gt;&lt;/myVariableData&gt;
	&lt;myVisible&gt;1&lt;/myVisible&gt;
	&lt;myIndent&gt;0&lt;/myIndent&gt;
	&lt;myInternal&gt;0&lt;/myInternal&gt;
&lt;/DtScriptedTaskVariable&gt;
</item>
		<item>&lt;?xml version=&quot;1.0&quot; encoding=&quot;UTF-8&quot; standalone=&quot;yes&quot; ?&gt;
&lt;!DOCTYPE boost_serialization&gt;
&lt;boost_serialization signature=&quot;serialization::archive&quot; version=&quot;8&quot;&gt;
&lt;DtScriptedTaskVariable class_id=&quot;0&quot; tracking_level=&quot;0&quot; version=&quot;3&quot;&gt;
	&lt;myVariableName&gt;sonarType&lt;/myVariableName&gt;
	&lt;myType&gt;combo&lt;/myType&gt;
	&lt;myLabel&gt;Sonar Type: &lt;/myLabel&gt;
	&lt;myToolTip&gt;The type of sonar to use&lt;/myToolTip&gt;
	&lt;myDefaultValue&gt;Active&lt;/myDefaultValue&gt;
	&lt;myRangeBottom&gt;-100000&lt;/myRangeBottom&gt;
	&lt;myRangeTop&gt;100000&lt;/myRangeTop&gt;
	&lt;myVariableData&gt;Active;Passive&lt;/myVariableData&gt;
	&lt;myVisible&gt;1&lt;/myVisible&gt;
	&lt;myIndent&gt;0&lt;/myIndent&gt;
	&lt;myInternal&gt;0&lt;/myInternal&gt;
&lt;/DtScriptedTaskVariable&gt;
</item>
		<item>&lt;?xml version=&quot;1.0&quot; encoding=&quot;UTF-8&quot; standalone=&quot;yes&quot; ?&gt;
&lt;!DOCTYPE boost_serialization&gt;
&lt;boost_serialization signature=&quot;serialization::archive&quot; version=&quot;8&quot;&gt;
&lt;DtScriptedTaskVariable class_id=&quot;0&quot; tracking_level=&quot;0&quot; version=&quot;3&quot;&gt;
	&lt;myVariableName&gt;sonarDepth&lt;/myVariableName&gt;
	&lt;myType&gt;depth&lt;/myType&gt;
	&lt;myLabel&gt;Sonar Depth&lt;/myLabel&gt;
	&lt;myToolTip&gt;Sets sonar to this depth&lt;/myToolTip&gt;
	&lt;myDefaultValue&gt;0&lt;/myDefaultValue&gt;
	&lt;myRangeBottom&gt;0&lt;/myRangeBottom&gt;
	&lt;myRangeTop&gt;100000&lt;/myRangeTop&gt;
	&lt;myVariableData&gt;&lt;/myVariableData&gt;
	&lt;myVisible&gt;1&lt;/myVisible&gt;
	&lt;myIndent&gt;0&lt;/myIndent&gt;
	&lt;myInternal&gt;0&lt;/myInternal&gt;
&lt;/DtScriptedTaskVariable&gt;
</item>
	</myVariables>
	<myScript></myScript>
	<myActionCategories>Movement</myActionCategories>
	<myShowInMenu>1</myShowInMenu>
	<myEncrypted>0</myEncrypted>
	<myScriptType>1</myScriptType>
	<myDoctrines></myDoctrines>
	<myFlags>1</myFlags>
</DtScriptedTaskMetaData>
</boost_serialization>

