<?xml version="1.0" encoding="UTF-8" standalone="yes" ?>
<!DOCTYPE boost_serialization>
<boost_serialization signature="serialization::archive" version="9">
<DtScriptedTaskMetaData class_id="0" tracking_level="0" version="8">
	<myScriptId>stop-moving-ship</myScriptId>
	<myMenuText>Come to Stop</myMenuText>
	<myToolTip></myToolTip>
	<myMenuIcon></myMenuIcon>
	<myVersion>1</myVersion>
	<myScriptEngine>c++</myScriptEngine>
	<myComments></myComments>
	<myMenuLocations class_id="1" tracking_level="0" version="0">
		<count>1</count>
		<item_version>0</item_version>
		<item>Movement/$(menutext)&lt;Movement/goto-depth</item>
	</myMenuLocations>
	<myIsSystemScript>1</myIsSystemScript>
	<myDescription>Stops the ship, either normally, as an emergency stop, or in a slow drift.</myDescription>
	<myScriptLocation></myScriptLocation>
	<myDirectoryPath>Naval Maneuver</myDirectoryPath>
	<myEntityTypes>
		<count>0</count>
		<item_version>0</item_version>
	</myEntityTypes>
	<myVariables>
		<count>1</count>
		<item_version>0</item_version>
		<item>&lt;?xml version=&quot;1.0&quot; encoding=&quot;UTF-8&quot; standalone=&quot;yes&quot; ?&gt;
&lt;!DOCTYPE boost_serialization&gt;
&lt;boost_serialization signature=&quot;serialization::archive&quot; version=&quot;8&quot;&gt;
&lt;DtScriptedTaskVariable class_id=&quot;0&quot; tracking_level=&quot;0&quot; version=&quot;3&quot;&gt;
	&lt;myVariableName&gt;stopType&lt;/myVariableName&gt;
	&lt;myType&gt;radio-combo&lt;/myType&gt;
	&lt;myLabel&gt;How to Stop: &lt;/myLabel&gt;
	&lt;myToolTip&gt;Normal uses normal acceleration factor, emergency uses full deceleration, and drift is a slow deceleration.&lt;/myToolTip&gt;
	&lt;myDefaultValue&gt;Normal&lt;/myDefaultValue&gt;
	&lt;myRangeBottom&gt;-100000&lt;/myRangeBottom&gt;
	&lt;myRangeTop&gt;100000&lt;/myRangeTop&gt;
	&lt;myVariableData&gt;Normal;Emergency;Drift&lt;/myVariableData&gt;
	&lt;myVisible&gt;1&lt;/myVisible&gt;
	&lt;myIndent&gt;0&lt;/myIndent&gt;
	&lt;myInternal&gt;0&lt;/myInternal&gt;
&lt;/DtScriptedTaskVariable&gt;
</item>
	</myVariables>
	<myScript></myScript>
	<myActionCategories>Movement</myActionCategories>
	<myShowInMenu>1</myShowInMenu>
	<myEncrypted>0</myEncrypted>
	<myScriptType>1</myScriptType>
	<myDoctrines></myDoctrines>
	<myFlags>1</myFlags>
	<myShowInToolbar>0</myShowInToolbar>
	<myToolbarLocation></myToolbarLocation>
	<myExtendedMenuText></myExtendedMenuText>
</DtScriptedTaskMetaData>
</boost_serialization>

