<?xml version="1.0" encoding="UTF-8" standalone="yes" ?>
<!DOCTYPE boost_serialization>
<boost_serialization signature="serialization::archive" version="9">
<DtScriptedTaskMetaData class_id="0" tracking_level="0" version="8">
	<myScriptId>Stow_Refueling_Boom</myScriptId>
	<myMenuText>Stow Refueling Boom</myMenuText>
	<myToolTip></myToolTip>
	<myMenuIcon></myMenuIcon>
	<myVersion>1</myVersion>
	<myScriptEngine>lua</myScriptEngine>
	<myComments></myComments>
	<myMenuLocations class_id="1" tracking_level="0" version="0">
		<count>1</count>
		<item_version>0</item_version>
		<item>Refueling Boom/$(menutext)&gt;Refueling Boom/Deploy_Refueling_Boom</item>
	</myMenuLocations>
	<myIsSystemScript>1</myIsSystemScript>
	<myDescription></myDescription>
	<myScriptLocation></myScriptLocation>
	<myDirectoryPath>Aircraft</myDirectoryPath>
	<myEntityTypes>
		<count>0</count>
		<item_version>0</item_version>
	</myEntityTypes>
	<myVariables>
		<count>0</count>
		<item_version>0</item_version>
	</myVariables>
	<myScript></myScript>
	<myActionCategories></myActionCategories>
	<myShowInMenu>1</myShowInMenu>
	<myEncrypted>0</myEncrypted>
	<myScriptType>1</myScriptType>
	<myDoctrines></myDoctrines>
	<myFlags>1</myFlags>
	<myShowInToolbar>0</myShowInToolbar>
	<myToolbarLocation></myToolbarLocation>
	<myExtendedMenuText></myExtendedMenuText>
</DtScriptedTaskMetaData>
</boost_serialization>

