<?xml version="1.0" encoding="UTF-8" standalone="yes" ?>
<!DOCTYPE boost_serialization>
<boost_serialization signature="serialization::archive" version="9">
<DtScriptedTaskMetaData class_id="0" tracking_level="0" version="8">
	<myScriptId>Taxi_To_On_Carrier</myScriptId>
	<myMenuText>Taxi On Carrier</myMenuText>
	<myToolTip></myToolTip>
	<myMenuIcon></myMenuIcon>
	<myVersion>1</myVersion>
	<myScriptEngine>lua</myScriptEngine>
	<myComments></myComments>
	<myMenuLocations class_id="1" tracking_level="0" version="0">
		<count>1</count>
		<item_version>0</item_version>
		<item>Movement/$(menutext)&gt;Movement/DtVrfTaskMoveToLocationAction</item>
	</myMenuLocations>
	<myIsSystemScript>1</myIsSystemScript>
	<myDescription>Makes aircraft taxi to a position and assume a final heading.
ONLY FOR A CARRIER THAT IS PART OF THE TERRAIN.</myDescription>
	<myScriptLocation></myScriptLocation>
	<myDirectoryPath>Carrier Demo</myDirectoryPath>
	<myEntityTypes>
		<count>1</count>
		<item_version>0</item_version>
		<item>1:2:-1:-1:-1:-1:-1</item>
	</myEntityTypes>
	<myVariables>
		<count>4</count>
		<item_version>0</item_version>
		<item>&lt;?xml version=&quot;1.0&quot; encoding=&quot;UTF-8&quot; standalone=&quot;yes&quot; ?&gt;
&lt;!DOCTYPE boost_serialization&gt;
&lt;boost_serialization signature=&quot;serialization::archive&quot; version=&quot;9&quot;&gt;
&lt;DtScriptedTaskVariable class_id=&quot;0&quot; tracking_level=&quot;0&quot; version=&quot;3&quot;&gt;
	&lt;myVariableName&gt;destinationPoint&lt;/myVariableName&gt;
	&lt;myType&gt;location&lt;/myType&gt;
	&lt;myLabel&gt;Destination&lt;/myLabel&gt;
	&lt;myToolTip&gt;Click on map to set destination point on carrier.&lt;/myToolTip&gt;
	&lt;myDefaultValue&gt;&lt;/myDefaultValue&gt;
	&lt;myRangeBottom&gt;-100000&lt;/myRangeBottom&gt;
	&lt;myRangeTop&gt;100000&lt;/myRangeTop&gt;
	&lt;myVariableData&gt;&lt;/myVariableData&gt;
	&lt;myVisible&gt;1&lt;/myVisible&gt;
	&lt;myIndent&gt;0&lt;/myIndent&gt;
	&lt;myInternal&gt;0&lt;/myInternal&gt;
&lt;/DtScriptedTaskVariable&gt;
</item>
		<item>&lt;?xml version=&quot;1.0&quot; encoding=&quot;UTF-8&quot; standalone=&quot;yes&quot; ?&gt;
&lt;!DOCTYPE boost_serialization&gt;
&lt;boost_serialization signature=&quot;serialization::archive&quot; version=&quot;9&quot;&gt;
&lt;DtScriptedTaskVariable class_id=&quot;0&quot; tracking_level=&quot;0&quot; version=&quot;3&quot;&gt;
	&lt;myVariableName&gt;route&lt;/myVariableName&gt;
	&lt;myType&gt;simulationobject&lt;/myType&gt;
	&lt;myLabel&gt;Route (optional)&lt;/myLabel&gt;
	&lt;myToolTip&gt;Create a route to a point close to the destination.&lt;/myToolTip&gt;
	&lt;myDefaultValue&gt;Routes&lt;/myDefaultValue&gt;
	&lt;myRangeBottom&gt;-100000&lt;/myRangeBottom&gt;
	&lt;myRangeTop&gt;100000&lt;/myRangeTop&gt;
	&lt;myVariableData&gt;DtRoutesFilter&lt;/myVariableData&gt;
	&lt;myVisible&gt;1&lt;/myVisible&gt;
	&lt;myIndent&gt;0&lt;/myIndent&gt;
	&lt;myInternal&gt;0&lt;/myInternal&gt;
&lt;/DtScriptedTaskVariable&gt;
</item>
		<item>&lt;?xml version=&quot;1.0&quot; encoding=&quot;UTF-8&quot; standalone=&quot;yes&quot; ?&gt;
&lt;!DOCTYPE boost_serialization&gt;
&lt;boost_serialization signature=&quot;serialization::archive&quot; version=&quot;9&quot;&gt;
&lt;DtScriptedTaskVariable class_id=&quot;0&quot; tracking_level=&quot;0&quot; version=&quot;3&quot;&gt;
	&lt;myVariableName&gt;assumeHeading&lt;/myVariableName&gt;
	&lt;myType&gt;checkbox&lt;/myType&gt;
	&lt;myLabel&gt;Assume Final Heading?&lt;/myLabel&gt;
	&lt;myToolTip&gt;Should the entity be placed at a specific heading at its destination?&lt;/myToolTip&gt;
	&lt;myDefaultValue&gt;0&lt;/myDefaultValue&gt;
	&lt;myRangeBottom&gt;-100000&lt;/myRangeBottom&gt;
	&lt;myRangeTop&gt;100000&lt;/myRangeTop&gt;
	&lt;myVariableData&gt;&lt;/myVariableData&gt;
	&lt;myVisible&gt;1&lt;/myVisible&gt;
	&lt;myIndent&gt;0&lt;/myIndent&gt;
	&lt;myInternal&gt;0&lt;/myInternal&gt;
&lt;/DtScriptedTaskVariable&gt;
</item>
		<item>&lt;?xml version=&quot;1.0&quot; encoding=&quot;UTF-8&quot; standalone=&quot;yes&quot; ?&gt;
&lt;!DOCTYPE boost_serialization&gt;
&lt;boost_serialization signature=&quot;serialization::archive&quot; version=&quot;9&quot;&gt;
&lt;DtScriptedTaskVariable class_id=&quot;0&quot; tracking_level=&quot;0&quot; version=&quot;3&quot;&gt;
	&lt;myVariableName&gt;finalHeading&lt;/myVariableName&gt;
	&lt;myType&gt;heading&lt;/myType&gt;
	&lt;myLabel&gt;Final Heading&lt;/myLabel&gt;
	&lt;myToolTip&gt;The heading the aircraft will assume when it gets to its destination.&lt;/myToolTip&gt;
	&lt;myDefaultValue&gt;0&lt;/myDefaultValue&gt;
	&lt;myRangeBottom&gt;-6.2831853071795862&lt;/myRangeBottom&gt;
	&lt;myRangeTop&gt;6.2831853071795862&lt;/myRangeTop&gt;
	&lt;myVariableData&gt;&lt;/myVariableData&gt;
	&lt;myVisible&gt;1&lt;/myVisible&gt;
	&lt;myIndent&gt;1&lt;/myIndent&gt;
	&lt;myInternal&gt;0&lt;/myInternal&gt;
&lt;/DtScriptedTaskVariable&gt;
</item>
	</myVariables>
	<myScript></myScript>
	<myActionCategories>Movement</myActionCategories>
	<myShowInMenu>1</myShowInMenu>
	<myEncrypted>0</myEncrypted>
	<myScriptType>1</myScriptType>
	<myDoctrines></myDoctrines>
	<myFlags>1</myFlags>
	<myShowInToolbar>0</myShowInToolbar>
	<myToolbarLocation></myToolbarLocation>
	<myExtendedMenuText></myExtendedMenuText>
</DtScriptedTaskMetaData>
</boost_serialization>

