<?xml version="1.0" encoding="UTF-8" standalone="yes" ?>
<!DOCTYPE boost_serialization>
<boost_serialization signature="serialization::archive" version="9">
<DtMenuPathConfiguration class_id="0" tracking_level="0" version="0">
	<count>16</count>
	<item_version>0</item_version>
	<item>:DtCreateMenu/Unit/</item>
   <item>:DtCreateMenu/Object Group/</item>
   <item>:DtCreateMenu/Ground/</item>
   <item>:DtCreateMenu/Fixed Wing/</item>
	<item>:DtCreateMenu/Human/</item>
	<item>:DtCreateMenu/Animal/</item>
	<item>:DtCreateMenu/Rotary Wing/</item>
	<item>:DtCreateMenu/Space/</item>
	<item>:DtCreateMenu/Subsurface/</item>
	<item>:DtCreateMenu/Surface/</item>
	<item>:DtCreateMenu/Munition/</item>
	<item>:DtCreateMenu/---Separator_Block1</item>
	<item>:DtCreateMenu/Building/</item>
	<item>:DtCreateMenu/Cultural Feature/</item>
	<item>:DtCreateMenu/---Separator_Block2</item>
	<item>:DtCreateMenu/Control Objects/</item>
</DtMenuPathConfiguration>
</boost_serialization>

