<?xml version="1.0" encoding="UTF-8" standalone="yes" ?>
<!DOCTYPE boost_serialization>
<boost_serialization signature="serialization::archive" version="9">
<DtMovementDataFileConfigurations class_id="0" tracking_level="0" version="0">
	<count>5</count>
	<item_version>2</item_version>
	<item class_id="1" tracking_level="0" version="2">
		<myRowStart>1</myRowStart>
		<myColumns class_id="2" tracking_level="0" version="0">
			<count>4</count>
			<item_version>0</item_version>
			<item class_id="3" tracking_level="0" version="0">
				<myColumnInFile>0</myColumnInFile>
				<myColumnType>time</myColumnType>
				<myColumnUnits>seconds</myColumnUnits>
			</item>
			<item>
				<myColumnInFile>1</myColumnInFile>
				<myColumnType>lateral-distance</myColumnType>
				<myColumnUnits>km</myColumnUnits>
			</item>
			<item>
				<myColumnInFile>2</myColumnInFile>
				<myColumnType>altitude</myColumnType>
				<myColumnUnits>km</myColumnUnits>
			</item>
			<item>
				<myColumnInFile>3</myColumnInFile>
				<myColumnType>range</myColumnType>
				<myColumnUnits>km</myColumnUnits>
			</item>
		</myColumns>
		<myDisplayName>stage1</myDisplayName>
		<myUniqueId>stage1128613761</myUniqueId>
	</item>
	<item>
		<myRowStart>1</myRowStart>
		<myColumns>
			<count>7</count>
			<item_version>0</item_version>
			<item>
				<myColumnInFile>0</myColumnInFile>
				<myColumnType>time</myColumnType>
				<myColumnUnits>seconds</myColumnUnits>
			</item>
			<item>
				<myColumnInFile>1</myColumnInFile>
				<myColumnType>lateral-distance</myColumnType>
				<myColumnUnits>m</myColumnUnits>
			</item>
			<item>
				<myColumnInFile>2</myColumnInFile>
				<myColumnType>altitude</myColumnType>
				<myColumnUnits>m</myColumnUnits>
			</item>
			<item>
				<myColumnInFile>3</myColumnInFile>
				<myColumnType>range</myColumnType>
				<myColumnUnits>m</myColumnUnits>
			</item>
			<item>
				<myColumnInFile>5</myColumnInFile>
				<myColumnType>heading</myColumnType>
				<myColumnUnits>deg</myColumnUnits>
			</item>
			<item>
				<myColumnInFile>4</myColumnInFile>
				<myColumnType>pitch</myColumnType>
				<myColumnUnits>deg</myColumnUnits>
			</item>
			<item>
				<myColumnInFile>6</myColumnInFile>
				<myColumnType>roll</myColumnType>
				<myColumnUnits>deg</myColumnUnits>
			</item>
		</myColumns>
		<myDisplayName>Precision Movement</myDisplayName>
		<myUniqueId>barrelRoll147621644</myUniqueId>
	</item>
	<item>
		<myRowStart>1</myRowStart>
		<myColumns>
			<count>7</count>
			<item_version>0</item_version>
			<item>
				<myColumnInFile>0</myColumnInFile>
				<myColumnType>time</myColumnType>
				<myColumnUnits>seconds</myColumnUnits>
			</item>
			<item>
				<myColumnInFile>1</myColumnInFile>
				<myColumnType>lateral-distance</myColumnType>
				<myColumnUnits>m</myColumnUnits>
			</item>
			<item>
				<myColumnInFile>2</myColumnInFile>
				<myColumnType>altitude</myColumnType>
				<myColumnUnits>m</myColumnUnits>
			</item>
			<item>
				<myColumnInFile>3</myColumnInFile>
				<myColumnType>range</myColumnType>
				<myColumnUnits>m</myColumnUnits>
			</item>
			<item>
				<myColumnInFile>4</myColumnInFile>
				<myColumnType>heading</myColumnType>
				<myColumnUnits>rad</myColumnUnits>
			</item>
			<item>
				<myColumnInFile>5</myColumnInFile>
				<myColumnType>pitch</myColumnType>
				<myColumnUnits>rad</myColumnUnits>
			</item>
			<item>
				<myColumnInFile>6</myColumnInFile>
				<myColumnType>roll</myColumnType>
				<myColumnUnits>rad</myColumnUnits>
			</item>
		</myColumns>
		<myDisplayName>fw-movement</myDisplayName>
		<myUniqueId>fw-movement101938388</myUniqueId>
	</item>
	<item>
		<myRowStart>0</myRowStart>
		<myColumns>
			<count>7</count>
			<item_version>0</item_version>
			<item>
				<myColumnInFile>0</myColumnInFile>
				<myColumnType>time</myColumnType>
				<myColumnUnits>seconds</myColumnUnits>
			</item>
			<item>
				<myColumnInFile>1</myColumnInFile>
				<myColumnType>lateral-distance</myColumnType>
				<myColumnUnits>m</myColumnUnits>
			</item>
			<item>
				<myColumnInFile>2</myColumnInFile>
				<myColumnType>altitude</myColumnType>
				<myColumnUnits>m</myColumnUnits>
			</item>
			<item>
				<myColumnInFile>3</myColumnInFile>
				<myColumnType>range</myColumnType>
				<myColumnUnits>m</myColumnUnits>
			</item>
			<item>
				<myColumnInFile>4</myColumnInFile>
				<myColumnType>heading</myColumnType>
				<myColumnUnits>rad</myColumnUnits>
			</item>
			<item>
				<myColumnInFile>5</myColumnInFile>
				<myColumnType>pitch</myColumnType>
				<myColumnUnits>rad</myColumnUnits>
			</item>
			<item>
				<myColumnInFile>6</myColumnInFile>
				<myColumnType>roll</myColumnType>
				<myColumnUnits>rad</myColumnUnits>
			</item>
		</myColumns>
		<myDisplayName>Animated Movement Configuration %s</myDisplayName>
		<myUniqueId>Animated Movement Configuration %s234472355</myUniqueId>
	</item>
	<item>
		<myRowStart>1</myRowStart>
		<myColumns>
			<count>4</count>
			<item_version>0</item_version>
			<item>
				<myColumnInFile>0</myColumnInFile>
				<myColumnType>time</myColumnType>
				<myColumnUnits>seconds</myColumnUnits>
			</item>
			<item>
				<myColumnInFile>1</myColumnInFile>
				<myColumnType>lateral-distance</myColumnType>
				<myColumnUnits>km</myColumnUnits>
			</item>
			<item>
				<myColumnInFile>2</myColumnInFile>
				<myColumnType>altitude</myColumnType>
				<myColumnUnits>km</myColumnUnits>
			</item>
			<item>
				<myColumnInFile>3</myColumnInFile>
				<myColumnType>range</myColumnType>
				<myColumnUnits>km</myColumnUnits>
			</item>
		</myColumns>
		<myDisplayName>Air-tracking</myDisplayName>
		<myUniqueId>Air-tracking58165529</myUniqueId>
	</item>
</DtMovementDataFileConfigurations>
</boost_serialization>

