Time,X,Y,Z
0,0,2.06E-12,140
0.1,0,0.122172986,139.9998934
0.2,0,0.244345599,139.9995735
0.3,0,0.366517468,139.9990405
0.4,0,0.488688221,139.9982941
0.5,0,0.610857485,139.9973346
0.6,0,0.733024888,139.9961619
0.7,0,0.855190058,139.9947759
0.8,0,0.977352624,139.9931767
0.9,0,1.099512212,139.9913643
1,0,1.221668451,139.9893387
1.1,0,1.343820968,139.9870998
1.2,0,1.465969392,139.9846478
1.3,0,1.58811335,139.9819827
1.4,0,1.710252471,139.9791043
1.5,0,1.832386382,139.9760127
1.6,0,1.954514711,139.9727081
1.7,0,2.076637086,139.9691902
1.8,0,2.198753135,139.9654592
1.9,0,2.320862487,139.9615151
2,0,2.442964769,139.9573579
2.1,0,2.565059609,139.9529876
2.2,0,2.687146636,139.9484041
2.3,0,2.809225477,139.9436077
2.4,0,2.931295761,139.9385981
2.5,0,3.053357116,139.9333755
2.6,0,3.175409169,139.9279399
2.7,0,3.29745155,139.9222912
2.8,0,3.419483886,139.9164296
2.9,0,3.541505805,139.910355
3,0,3.663516937,139.9040674
3.1,0,3.785516909,139.8975669
3.2,0,3.90750535,139.8908535
3.3,0,4.029481887,139.8839272
3.4,0,4.15144615,139.876788
3.5,0,4.273397767,139.8694359
3.6,0,4.395336367,139.861871
3.7,0,4.517261578,139.8540933
3.8,0,4.639173028,139.8461028
3.9,0,4.761070347,139.8378995
4,0,4.882953162,139.8294835
4.1,0,5.004821103,139.8208548
4.2,0,5.126673799,139.8120134
4.3,0,5.248510878,139.8029593
4.4,0,5.370331969,139.7936927
4.5,0,5.492136701,139.7842134
4.6,0,5.613924703,139.7745215
4.7,0,5.735695604,139.7646171
4.8,0,5.857449033,139.7545001
4.9,0,5.97918462,139.7441707
5,0,6.100901992,139.7336289
5.1,0,6.222600781,139.7228746
5.2,0,6.344280614,139.7119079
5.3,0,6.465941121,139.7007289
5.4,0,6.587581932,139.6893375
5.5,0,6.709202676,139.6777339
5.6,0,6.830802983,139.665918
5.7,0,6.952382482,139.6538899
5.8,0,7.073940803,139.6416496
5.9,0,7.195477575,139.6291972
6,0,7.316992429,139.6165327
6.1,0,7.438484994,139.6036561
6.2,0,7.559954899,139.5905675
6.3,0,7.681401776,139.5772669
6.4,0,7.802825254,139.5637543
6.5,0,7.924224964,139.5500299
6.6,0,8.045600535,139.5360936
6.7,0,8.166951597,139.5219455
6.8,0,8.288277781,139.5075856
6.9,0,8.409578718,139.4930139
7,0,8.530854038,139.4782306
7.1,0,8.652103372,139.4632357
7.2,0,8.77332635,139.4480291
7.3,0,8.894522602,139.432611
7.4,0,9.01569176,139.4169814
7.5,0,9.136833455,139.4011403
7.6,0,9.257947318,139.3850878
7.7,0,9.379032979,139.368824
7.8,0,9.50009007,139.3523488
7.9,0,9.621118223,139.3356624
8,0,9.742117067,139.3187648
8.1,0,9.863086236,139.301656
8.2,0,9.984025359,139.2843362
8.3,0,10.10493407,139.2668052
8.4,0,10.225812,139.2490633
8.5,0,10.34665878,139.2311104
8.6,0,10.46747404,139.2129467
8.7,0,10.58825742,139.1945721
8.8,0,10.70900854,139.1759867
8.9,0,10.82972704,139.1571906
9,0,10.95041255,139.1381838
9.1,0,11.07106471,139.1189665
9.2,0,11.19168314,139.0995386
9.3,0,11.31226748,139.0799001
9.4,0,11.43281736,139.0600513
9.5,0,11.55333241,139.0399921
9.6,0,11.67381227,139.0197226
9.7,0,11.79425657,138.9992428
9.8,0,11.91466494,138.9785529
9.9,0,12.03503702,138.9576528
10,0,12.15537244,138.9365427
10.1,0,12.27567083,138.9152226
10.2,0,12.39593182,138.8936926
10.3,0,12.51615506,138.8719527
10.4,0,12.63634017,138.850003
10.5,0,12.75648678,138.8278435
10.6,0,12.87659454,138.8054744
10.7,0,12.99666308,138.7828958
10.8,0,13.11669202,138.7601076
10.9,0,13.23668101,138.7371099
11,0,13.35662968,138.7139028
11.1,0,13.47653766,138.6904865
11.2,0,13.59640459,138.6668609
11.3,0,13.7162301,138.6430261
11.4,0,13.83601383,138.6189822
11.5,0,13.95575541,138.5947293
11.6,0,14.07545448,138.5702675
11.7,0,14.19511067,138.5455967
11.8,0,14.31472363,138.5207172
11.9,0,14.43429298,138.495629
12,0,14.55381836,138.4703321
12.1,0,14.6732994,138.4448266
12.2,0,14.79273575,138.4191126
12.3,0,14.91212704,138.3931902
12.4,0,15.0314729,138.3670595
12.5,0,15.15077298,138.3407205
12.6,0,15.2700269,138.3141733
12.7,0,15.3892343,138.2874181
12.8,0,15.50839483,138.2604548
12.9,0,15.62750812,138.2332836
13,0,15.7465738,138.2059045
13.1,0,15.86559152,138.1783177
13.2,0,15.98456091,138.1505232
13.3,0,16.1034816,138.1225211
13.4,0,16.22235324,138.0943115
13.5,0,16.34117547,138.0658944
13.6,0,16.45994792,138.03727
13.7,0,16.57867022,138.0084384
13.8,0,16.69734203,137.9793996
13.9,0,16.81596297,137.9501537
14,0,16.93453269,137.9207008
14.1,0,17.05305083,137.8910411
14.2,0,17.17151701,137.8611745
14.3,0,17.28993089,137.8311012
14.4,0,17.4082921,137.8008213
14.5,0,17.52660028,137.7703348
14.6,0,17.64485508,137.7396419
14.7,0,17.76305612,137.7087427
14.8,0,17.88120306,137.6776372
14.9,0,17.99929552,137.6463256
15,0,18.11733316,137.6148078
15.1,0,18.2353156,137.5830842
15.2,0,18.3532425,137.5511546
15.3,0,18.4711135,137.5190193
15.4,0,18.58892822,137.4866783
15.5,0,18.70668633,137.4541317
15.6,0,18.82438744,137.4213797
15.7,0,18.94203122,137.3884222
15.8,0,19.05961729,137.3552595
15.9,0,19.17714531,137.3218917
16,0,19.29461491,137.2883187
16.1,0,19.41202573,137.2545408
16.2,0,19.52937742,137.220558
16.3,0,19.64666962,137.1863704
16.4,0,19.76390198,137.1519782
16.5,0,19.88107413,137.1173814
16.6,0,19.99818572,137.0825802
16.7,0,20.11523639,137.0475746
16.8,0,20.23222579,137.0123648
16.9,0,20.34915355,136.9769509
17,0,20.46601933,136.9413329
17.1,0,20.58282277,136.905511
17.2,0,20.6995635,136.8694853
17.3,0,20.81624119,136.833256
17.4,0,20.93285546,136.796823
17.5,0,21.04940597,136.7601866
17.6,0,21.16589235,136.7233467
17.7,0,21.28231426,136.6863037
17.8,0,21.39867135,136.6490575
17.9,0,21.51496325,136.6116083
18,0,21.63118961,136.5739561
18.1,0,21.74735007,136.5361012
18.2,0,21.8634443,136.4980436
18.3,0,21.97947192,136.4597834
18.4,0,22.09543259,136.4213208
18.5,0,22.21132595,136.3826559
18.6,0,22.32715165,136.3437887
18.7,0,22.44290934,136.3047194
18.8,0,22.55859867,136.2654482
18.9,0,22.67421927,136.2259751
19,0,22.78977081,136.1863003
19.1,0,22.90525293,136.1464239
19.2,0,23.02066527,136.1063459
19.3,0,23.13600749,136.0660666
19.4,0,23.25127923,136.0255861
19.5,0,23.36648015,135.9849044
19.6,0,23.48160988,135.9440217
19.7,0,23.59666809,135.9029381
19.8,0,23.71165442,135.8616538
19.9,0,23.82656851,135.8201689
20,0,23.94141003,135.7784835
20.1,0,24.05617862,135.7365976
20.2,0,24.17087393,135.6945116
20.3,0,24.28549561,135.6522254
20.4,0,24.40004331,135.6097393
20.5,0,24.51451669,135.5670532
20.6,0,24.62891539,135.5241675
20.7,0,24.74323906,135.4810822
20.8,0,24.85748737,135.4377973
20.9,0,24.97165995,135.3943132
21,0,25.08575647,135.3506299
21.1,0,25.19977657,135.3067474
21.2,0,25.31371991,135.2626661
21.3,0,25.42758613,135.2183859
21.4,0,25.5413749,135.1739071
21.5,0,25.65508587,135.1292298
21.6,0,25.76871869,135.084354
21.7,0,25.88227301,135.03928
21.8,0,25.99574849,134.9940079
21.9,0,26.10914478,134.9485378
22,0,26.22246154,134.9028698
22.1,0,26.33569842,134.8570042
22.2,0,26.44885508,134.8109409
22.3,0,26.56193117,134.7646803
22.4,0,26.67492634,134.7182224
22.5,0,26.78784027,134.6715673
22.6,0,26.90067259,134.6247152
22.7,0,27.01342296,134.5776663
22.8,0,27.12609105,134.5304206
22.9,0,27.23867651,134.4829784
23,0,27.35117899,134.4353397
23.1,0,27.46359816,134.3875048
23.2,0,27.57593367,134.3394737
23.3,0,27.68818518,134.2912467
23.4,0,27.80035234,134.2428238
23.5,0,27.91243482,134.1942052
23.6,0,28.02443228,134.1453911
23.7,0,28.13634437,134.0963815
23.8,0,28.24817074,134.0471767
23.9,0,28.35991107,133.9977769
24,0,28.47156502,133.948182
24.1,0,28.58313223,133.8983924
24.2,0,28.69461237,133.8484081
24.3,0,28.8060051,133.7982294
24.4,0,28.91731009,133.7478563
24.5,0,29.02852699,133.697289
24.6,0,29.13965546,133.6465276
24.7,0,29.25069517,133.5955724
24.8,0,29.36164577,133.5444235
24.9,0,29.47250694,133.493081
25,0,29.58327832,133.4415451
25.1,0,29.69395959,133.3898159
25.2,0,29.80455041,133.3378937
25.3,0,29.91505044,133.2857785
25.4,0,30.02545934,133.2334705
25.5,0,30.13577678,133.1809699
25.6,0,30.24600242,133.1282768
25.7,0,30.35613592,133.0753915
25.8,0,30.46617696,133.022314
25.9,0,30.57612519,132.9690445
26,0,30.68598028,132.9155832
26.1,0,30.79574189,132.8619303
26.2,0,30.9054097,132.8080859
26.3,0,31.01498336,132.7540501
26.4,0,31.12446254,132.6998232
26.5,0,31.23384692,132.6454053
26.6,0,31.34313615,132.5907966
26.7,0,31.4523299,132.5359972
26.8,0,31.56142785,132.4810073
26.9,0,31.67042965,132.4258271
27,0,31.77933498,132.3704567
27.1,0,31.88814351,132.3148963
27.2,0,31.99685489,132.2591461
27.3,0,32.10546881,132.2032063
27.4,0,32.21398493,132.147077
27.5,0,32.32240293,132.0907583
27.6,0,32.43072246,132.0342505
27.7,0,32.5389432,131.9775538
27.8,0,32.64706482,131.9206683
27.9,0,32.755087,131.8635941
28,0,32.8630094,131.8063315
28.1,0,32.97083169,131.7488806
28.2,0,33.07855354,131.6912416
28.3,0,33.18617463,131.6334147
28.4,0,33.29369463,131.5754001
28.5,0,33.40111322,131.5171979
28.6,0,33.50843006,131.4588083
28.7,0,33.61564482,131.4002315
28.8,0,33.72275719,131.3414676
28.9,0,33.82976683,131.2825169
29,0,33.93667342,131.2233795
29.1,0,34.04347663,131.1640556
29.2,0,34.15017614,131.1045454
29.3,0,34.25677162,131.0448491
29.4,0,34.36326275,130.9849668
29.5,0,34.46964921,130.9248987
29.6,0,34.57593066,130.8646451
29.7,0,34.68210679,130.804206
29.8,0,34.78817727,130.7435817
29.9,0,34.89414178,130.6827724
30,0,35,130.6217783
30.1,0,35.1057516,130.5605994
30.2,0,35.21139626,130.4992361
30.3,0,35.31693367,130.4376885
30.4,0,35.42236349,130.3759568
30.5,0,35.52768541,130.3140412
30.6,0,35.6328991,130.2519419
30.7,0,35.73800425,130.189659
30.8,0,35.84300054,130.1271928
30.9,0,35.94788764,130.0645434
31,0,36.05266524,130.001711
31.1,0,36.15733302,129.9386959
31.2,0,36.26189066,129.8754982
31.3,0,36.36633783,129.8121181
31.4,0,36.47067423,129.7485558
31.5,0,36.57489953,129.6848115
31.6,0,36.67901342,129.6208854
31.7,0,36.78301558,129.5567777
31.8,0,36.88690568,129.4924885
31.9,0,36.99068343,129.4280181
32,0,37.0943485,129.3633667
32.1,0,37.19790057,129.2985345
32.2,0,37.30133932,129.2335216
32.3,0,37.40466446,129.1683283
32.4,0,37.50787565,129.1029548
32.5,0,37.61097258,129.0374012
32.6,0,37.71395495,128.9716678
32.7,0,37.81682243,128.9057547
32.8,0,37.91957472,128.8396622
32.9,0,38.0222115,128.7733905
33,0,38.12473245,128.7069398
33.1,0,38.22713727,128.6403102
33.2,0,38.32942564,128.5735019
33.3,0,38.43159726,128.5065153
33.4,0,38.53365181,128.4393504
33.5,0,38.63558897,128.3720075
33.6,0,38.73740845,128.3044868
33.7,0,38.83910992,128.2367885
33.8,0,38.94069309,128.1689128
33.9,0,39.04215763,128.10086
34,0,39.14350324,128.0326301
34.1,0,39.24472962,127.9642234
34.2,0,39.34583645,127.8956402
34.3,0,39.44682343,127.8268806
34.4,0,39.54769024,127.7579449
34.5,0,39.64843658,127.6888332
34.6,0,39.74906215,127.6195458
34.7,0,39.84956664,127.5500829
34.8,0,39.94994974,127.4804446
34.9,0,40.05021114,127.4106313
35,0,40.15035054,127.3406431
35.1,0,40.25036764,127.2704802
35.2,0,40.35026213,127.2001429
35.3,0,40.45003371,127.1296313
35.4,0,40.54968206,127.0589457
35.5,0,40.6492069,126.9880863
35.6,0,40.74860791,126.9170533
35.7,0,40.84788479,126.8458469
35.8,0,40.94703725,126.7744673
35.9,0,41.04606497,126.7029148
36,0,41.14496766,126.6311896
36.1,0,41.24374501,126.5592919
36.2,0,41.34239673,126.4872219
36.3,0,41.44092252,126.4149798
36.4,0,41.53932206,126.3425658
36.5,0,41.63759507,126.2699802
36.6,0,41.73574125,126.1972233
36.7,0,41.83376029,126.1242951
36.8,0,41.9316519,126.051196
36.9,0,42.02941577,125.9779261
37,0,42.12705162,125.9044857
37.1,0,42.22455914,125.830875
37.2,0,42.32193804,125.7570943
37.3,0,42.41918802,125.6831437
37.4,0,42.51630878,125.6090234
37.5,0,42.61330003,125.5347338
37.6,0,42.71016147,125.460275
37.7,0,42.80689281,125.3856473
37.8,0,42.90349376,125.3108509
37.9,0,42.99996401,125.2358859
38,0,43.09630327,125.1607528
38.1,0,43.19251126,125.0854515
38.2,0,43.28858768,125.0099825
38.3,0,43.38453223,124.9343459
38.4,0,43.48034462,124.858542
38.5,0,43.57602456,124.782571
38.6,0,43.67157177,124.7064331
38.7,0,43.76698594,124.6301285
38.8,0,43.8622668,124.5536575
38.9,0,43.95741404,124.4770204
39,0,44.05242737,124.4002173
39.1,0,44.14730652,124.3232485
39.2,0,44.24205119,124.2461142
39.3,0,44.33666108,124.1688147
39.4,0,44.43113592,124.0913501
39.5,0,44.52547542,124.0137208
39.6,0,44.61967928,123.935927
39.7,0,44.71374723,123.8579689
39.8,0,44.80767896,123.7798467
39.9,0,44.90147421,123.7015606
40,0,44.99513268,123.623111
40.1,0,45.08865408,123.5444981
40.2,0,45.18203814,123.465722
40.3,0,45.27528457,123.3867831
40.4,0,45.36839307,123.3076815
40.5,0,45.46136338,123.2284176
40.6,0,45.55419521,123.1489915
40.7,0,45.64688827,123.0694035
40.8,0,45.73944228,122.9896539
40.9,0,45.83185696,122.9097428
41,0,45.92413203,122.8296706
41.1,0,46.01626721,122.7494375
41.2,0,46.10826221,122.6690436
41.3,0,46.20011676,122.5884893
41.4,0,46.29183057,122.5077749
41.5,0,46.38340338,122.4269005
41.6,0,46.47483489,122.3458663
41.7,0,46.56612483,122.2646728
41.8,0,46.65727292,122.18332
41.9,0,46.74827888,122.1018082
42,0,46.83914245,122.0201378
42.1,0,46.92986333,121.9383089
42.2,0,47.02044125,121.8563217
42.3,0,47.11087595,121.7741766
42.4,0,47.20116713,121.6918738
42.5,0,47.29131453,121.6094136
42.6,0,47.38131788,121.5267961
42.7,0,47.47117689,121.4440217
42.8,0,47.5608913,121.3610905
42.9,0,47.65046083,121.2780029
43,0,47.7398852,121.1947591
43.1,0,47.82916416,121.1113594
43.2,0,47.91829742,121.0278039
43.3,0,48.0072847,120.944093
43.4,0,48.09612576,120.860227
43.5,0,48.1848203,120.776206
43.6,0,48.27336806,120.6920303
43.7,0,48.36176878,120.6077002
43.8,0,48.45002217,120.523216
43.9,0,48.53812798,120.4385778
44,0,48.62608593,120.353786
44.1,0,48.71389576,120.2688408
44.2,0,48.8015572,120.1837425
44.3,0,48.88906998,120.0984914
44.4,0,48.97643384,120.0130876
44.5,0,49.0636485,119.9275314
44.6,0,49.15071371,119.8418232
44.7,0,49.2376292,119.7559632
44.8,0,49.3243947,119.6699516
44.9,0,49.41100995,119.5837886
45,0,49.49747468,119.4974747
45.1,0,49.58378864,119.4110099
45.2,0,49.66995156,119.3243947
45.3,0,49.75596317,119.2376292
45.4,0,49.84182322,119.1507137
45.5,0,49.92753144,119.0636485
45.6,0,50.01308757,118.9764338
45.7,0,50.09849136,118.88907
45.8,0,50.18374254,118.8015572
45.9,0,50.26884084,118.7138958
46,0,50.35378602,118.6260859
46.1,0,50.43857782,118.538128
46.2,0,50.52321597,118.4500222
46.3,0,50.60770021,118.3617688
46.4,0,50.6920303,118.2733681
46.5,0,50.77620597,118.1848203
46.6,0,50.86022697,118.0961258
46.7,0,50.94409304,118.0072847
46.8,0,51.02780392,117.9182974
46.9,0,51.11135936,117.8291642
47,0,51.19475911,117.7398852
47.1,0,51.27800292,117.6504608
47.2,0,51.36109052,117.5608913
47.3,0,51.44402166,117.4711769
47.4,0,51.5267961,117.3813179
47.5,0,51.60941358,117.2913145
47.6,0,51.69187384,117.2011671
47.7,0,51.77417665,117.1108759
47.8,0,51.85632174,117.0204413
47.9,0,51.93830887,116.9298633
48,0,52.02013778,116.8391424
48.1,0,52.10180824,116.7482789
48.2,0,52.18331998,116.6572729
48.3,0,52.26467276,116.5661248
48.4,0,52.34586633,116.4748349
48.5,0,52.42690046,116.3834034
48.6,0,52.50777487,116.2918306
48.7,0,52.58848935,116.2001168
48.8,0,52.66904362,116.1082622
48.9,0,52.74943746,116.0162672
49,0,52.82967062,115.924132
49.1,0,52.90974284,115.831857
49.2,0,52.9896539,115.7394423
49.3,0,53.06940353,115.6468883
49.4,0,53.14899151,115.5541952
49.5,0,53.22841759,115.4613634
49.6,0,53.30768153,115.3683931
49.7,0,53.38678308,115.2752846
49.8,0,53.465722,115.1820381
49.9,0,53.54449806,115.0886541
50,0,53.62311102,114.9951327
50.1,0,53.70156063,114.9014742
50.2,0,53.77984665,114.807679
50.3,0,53.85796885,114.7137472
50.4,0,53.93592699,114.6196793
50.5,0,54.01372084,114.5254754
50.6,0,54.09135014,114.4311359
50.7,0,54.16881468,114.3366611
50.8,0,54.24611421,114.2420512
50.9,0,54.32324849,114.1473065
51,0,54.4002173,114.0524274
51.1,0,54.4770204,113.957414
51.2,0,54.55365755,113.8622668
51.3,0,54.63012851,113.7669859
51.4,0,54.70643307,113.6715718
51.5,0,54.78257098,113.5760246
51.6,0,54.85854201,113.4803446
51.7,0,54.93434594,113.3845322
51.8,0,55.00998252,113.2885877
51.9,0,55.08545154,113.1925113
52,0,55.16075275,113.0963033
52.1,0,55.23588594,112.999964
52.2,0,55.31085087,112.9034938
52.3,0,55.38564731,112.8068928
52.4,0,55.46027503,112.7101615
52.5,0,55.53473382,112.6133
52.6,0,55.60902344,112.5163088
52.7,0,55.68314366,112.419188
52.8,0,55.75709426,112.321938
52.9,0,55.83087502,112.2245591
53,0,55.9044857,112.1270516
53.1,0,55.97792609,112.0294158
53.2,0,56.05119597,111.9316519
53.3,0,56.1242951,111.8337603
53.4,0,56.19722326,111.7357412
53.5,0,56.26998024,111.6375951
53.6,0,56.34256581,111.5393221
53.7,0,56.41497976,111.4409225
53.8,0,56.48722185,111.3423967
53.9,0,56.55929187,111.243745
54,0,56.63118961,111.1449677
54.1,0,56.70291483,111.046065
54.2,0,56.77446733,110.9470372
54.3,0,56.84584688,110.8478848
54.4,0,56.91705327,110.7486079
54.5,0,56.98808628,110.6492069
54.6,0,57.0589457,110.5496821
54.7,0,57.12963131,110.4500337
54.8,0,57.20014288,110.3502621
54.9,0,57.27048022,110.2503676
55,0,57.3406431,110.1503505
55.1,0,57.41063131,110.0502111
55.2,0,57.48044464,109.9499497
55.3,0,57.55008287,109.8495666
55.4,0,57.6195458,109.7490622
55.5,0,57.6888332,109.6484366
55.6,0,57.75794488,109.5476902
55.7,0,57.82688061,109.4468234
55.8,0,57.8956402,109.3458364
55.9,0,57.96422342,109.2447296
56,0,58.03263008,109.1435032
56.1,0,58.10085996,109.0421576
56.2,0,58.16891285,108.9406931
56.3,0,58.23678855,108.8391099
56.4,0,58.30448685,108.7374084
56.5,0,58.37200754,108.635589
56.6,0,58.43935043,108.5336518
56.7,0,58.5065153,108.4315973
56.8,0,58.57350194,108.3294256
56.9,0,58.64031016,108.2271373
57,0,58.70693976,108.1247325
57.1,0,58.77339052,108.0222115
57.2,0,58.83966224,107.9195747
57.3,0,58.90575474,107.8168224
57.4,0,58.97166779,107.713955
57.5,0,59.03740121,107.6109726
57.6,0,59.10295479,107.5078756
57.7,0,59.16832833,107.4046645
57.8,0,59.23352163,107.3013393
57.9,0,59.2985345,107.1979006
58,0,59.36336673,107.0943485
58.1,0,59.42801813,106.9906834
58.2,0,59.49248851,106.8869057
58.3,0,59.55677766,106.7830156
58.4,0,59.62088539,106.6790134
58.5,0,59.6848115,106.5748995
58.6,0,59.74855581,106.4706742
58.7,0,59.81211811,106.3663378
58.8,0,59.87549821,106.2618907
58.9,0,59.93869592,106.157333
59,0,60.00171105,106.0526652
59.1,0,60.0645434,105.9478876
59.2,0,60.12719279,105.8430005
59.3,0,60.18965901,105.7380043
59.4,0,60.25194189,105.6328991
59.5,0,60.31404123,105.5276854
59.6,0,60.37595684,105.4223635
59.7,0,60.43768854,105.3169337
59.8,0,60.49923614,105.2113963
59.9,0,60.56059944,105.1057516
60,0,60.62177826,105
60.1,0,60.68277243,104.8941418
60.2,0,60.74358174,104.7881773
60.3,0,60.80420601,104.6821068
60.4,0,60.86464507,104.5759307
60.5,0,60.92489872,104.4696492
60.6,0,60.98496678,104.3632628
60.7,0,61.04484907,104.2567716
60.8,0,61.10454541,104.1501761
60.9,0,61.16405561,104.0434766
61,0,61.2233795,103.9366734
61.1,0,61.28251689,103.8297668
61.2,0,61.3414676,103.7227572
61.3,0,61.40023146,103.6156448
61.4,0,61.45880828,103.5084301
61.5,0,61.51719789,103.4011132
61.6,0,61.5754001,103.2936946
61.7,0,61.63341475,103.1861746
61.8,0,61.69124164,103.0785535
61.9,0,61.74888062,102.9708317
62,0,61.8063315,102.8630094
62.1,0,61.86359411,102.755087
62.2,0,61.92066827,102.6470648
62.3,0,61.9775538,102.5389432
62.4,0,62.03425055,102.4307225
62.5,0,62.09075832,102.3224029
62.6,0,62.14707696,102.2139849
62.7,0,62.20320629,102.1054688
62.8,0,62.25914613,101.9968549
62.9,0,62.31489632,101.8881435
63,0,62.37045669,101.779335
63.1,0,62.42582707,101.6704297
63.2,0,62.48100729,101.5614278
63.3,0,62.53599718,101.4523299
63.4,0,62.59079658,101.3431361
63.5,0,62.64540531,101.2338469
63.6,0,62.69982322,101.1244625
63.7,0,62.75405013,101.0149834
63.8,0,62.80808588,100.9054097
63.9,0,62.8619303,100.7957419
64,0,62.91558324,100.6859803
64.1,0,62.96904453,100.5761252
64.2,0,63.022314,100.466177
64.3,0,63.07539149,100.3561359
64.4,0,63.12827685,100.2460024
64.5,0,63.1809699,100.1357768
64.6,0,63.2334705,100.0254593
64.7,0,63.28577848,99.91505044
64.8,0,63.33789367,99.80455041
64.9,0,63.38981593,99.69395959
65,0,63.44154509,99.58327832
65.1,0,63.493081,99.47250694
65.2,0,63.5444235,99.36164577
65.3,0,63.59557243,99.25069517
65.4,0,63.64652763,99.13965546
65.5,0,63.69728896,99.02852699
65.6,0,63.74785626,98.91731009
65.7,0,63.79822936,98.8060051
65.8,0,63.84840813,98.69461237
65.9,0,63.89839241,98.58313223
66,0,63.94818203,98.47156502
66.1,0,63.99777687,98.35991107
66.2,0,64.04717675,98.24817074
66.3,0,64.09638153,98.13634437
66.4,0,64.14539107,98.02443228
66.5,0,64.19420521,97.91243482
66.6,0,64.2428238,97.80035234
66.7,0,64.29124669,97.68818518
66.8,0,64.33947375,97.57593367
66.9,0,64.38750481,97.46359816
67,0,64.43533974,97.35117899
67.1,0,64.48297839,97.23867651
67.2,0,64.53042061,97.12609105
67.3,0,64.57766626,97.01342296
67.4,0,64.6247152,96.90067259
67.5,0,64.67156728,96.78784027
67.6,0,64.71822235,96.67492634
67.7,0,64.76468029,96.56193117
67.8,0,64.81094094,96.44885508
67.9,0,64.85700416,96.33569842
68,0,64.90286982,96.22246154
68.1,0,64.94853777,96.10914478
68.2,0,64.99400788,95.99574849
68.3,0,65.03928001,95.88227301
68.4,0,65.08435401,95.76871869
68.5,0,65.12922976,95.65508587
68.6,0,65.17390711,95.5413749
68.7,0,65.21838593,95.42758613
68.8,0,65.26266609,95.31371991
68.9,0,65.30674744,95.19977657
69,0,65.35062985,95.08575647
69.1,0,65.3943132,94.97165995
69.2,0,65.43779735,94.85748737
69.3,0,65.48108216,94.74323906
69.4,0,65.5241675,94.62891539
69.5,0,65.56705325,94.51451669
69.6,0,65.60973926,94.40004331
69.7,0,65.65222542,94.28549561
69.8,0,65.69451159,94.17087393
69.9,0,65.73659765,94.05617862
70,0,65.77848346,93.94141003
70.1,0,65.82016889,93.82656851
70.2,0,65.86165383,93.71165442
70.3,0,65.90293814,93.59666809
70.4,0,65.9440217,93.48160988
70.5,0,65.98490438,93.36648015
70.6,0,66.02558606,93.25127923
70.7,0,66.06606661,93.13600749
70.8,0,66.10634592,93.02066527
70.9,0,66.14642385,92.90525293
71,0,66.18630029,92.78977081
71.1,0,66.22597512,92.67421927
71.2,0,66.26544821,92.55859867
71.3,0,66.30471944,92.44290934
71.4,0,66.3437887,92.32715165
71.5,0,66.38265586,92.21132595
71.6,0,66.42132082,92.09543259
71.7,0,66.45978343,91.97947192
71.8,0,66.49804361,91.8634443
71.9,0,66.53610121,91.74735007
72,0,66.57395614,91.63118961
72.1,0,66.61160827,91.51496325
72.2,0,66.64905749,91.39867135
72.3,0,66.68630369,91.28231426
72.4,0,66.72334675,91.16589235
72.5,0,66.76018655,91.04940597
72.6,0,66.796823,90.93285546
72.7,0,66.83325597,90.81624119
72.8,0,66.86948535,90.6995635
72.9,0,66.90551104,90.58282277
73,0,66.94133292,90.46601933
73.1,0,66.97695088,90.34915355
73.2,0,67.01236483,90.23222579
73.3,0,67.04757464,90.11523639
73.4,0,67.08258021,89.99818572
73.5,0,67.11738144,89.88107413
73.6,0,67.15197822,89.76390198
73.7,0,67.18637044,89.64666962
73.8,0,67.220558,89.52937742
73.9,0,67.25454079,89.41202573
74,0,67.28831872,89.29461491
74.1,0,67.32189167,89.17714531
74.2,0,67.35525955,89.05961729
74.3,0,67.38842225,88.94203122
74.4,0,67.42137968,88.82438744
74.5,0,67.45413172,88.70668633
74.6,0,67.4866783,88.58892822
74.7,0,67.51901929,88.4711135
74.8,0,67.55115461,88.3532425
74.9,0,67.58308416,88.2353156
75,0,67.61480784,88.11733316
75.1,0,67.64632555,87.99929552
75.2,0,67.6776372,87.88120306
75.3,0,67.70874269,87.76305612
75.4,0,67.73964193,87.64485508
75.5,0,67.77033483,87.52660028
75.6,0,67.80082128,87.4082921
75.7,0,67.8311012,87.28993089
75.8,0,67.86117449,87.17151701
75.9,0,67.89104107,87.05305083
76,0,67.92070084,86.93453269
76.1,0,67.95015371,86.81596297
76.2,0,67.97939959,86.69734203
76.3,0,68.0084384,86.57867022
76.4,0,68.03727004,86.45994792
76.5,0,68.06589443,86.34117547
76.6,0,68.09431147,86.22235324
76.7,0,68.12252109,86.1034816
76.8,0,68.1505232,85.98456091
76.9,0,68.17831771,85.86559152
77,0,68.20590453,85.7465738
77.1,0,68.23328359,85.62750812
77.2,0,68.2604548,85.50839483
77.3,0,68.28741808,85.3892343
77.4,0,68.31417334,85.2700269
77.5,0,68.3407205,85.15077298
77.6,0,68.36705948,85.0314729
77.7,0,68.39319021,84.91212704
77.8,0,68.4191126,84.79273575
77.9,0,68.44482657,84.6732994
78,0,68.47033205,84.55381836
78.1,0,68.49562896,84.43429298
78.2,0,68.52071721,84.31472363
78.3,0,68.54559674,84.19511067
78.4,0,68.57026747,84.07545448
78.5,0,68.59472932,83.95575541
78.6,0,68.61898222,83.83601383
78.7,0,68.6430261,83.7162301
78.8,0,68.66686087,83.59640459
78.9,0,68.69048648,83.47653766
79,0,68.71390284,83.35662968
79.1,0,68.73710989,83.23668101
79.2,0,68.76010755,83.11669202
79.3,0,68.78289576,82.99666308
79.4,0,68.80547444,82.87659454
79.5,0,68.82784353,82.75648678
79.6,0,68.85000296,82.63634017
79.7,0,68.87195266,82.51615506
79.8,0,68.89369256,82.39593182
79.9,0,68.9152226,82.27567083
80,0,68.93654271,82.15537244
80.1,0,68.95765283,82.03503702
80.2,0,68.97855289,81.91466494
80.3,0,68.99924284,81.79425657
80.4,0,69.01972259,81.67381227
80.5,0,69.03999211,81.55333241
80.6,0,69.06005131,81.43281736
80.7,0,69.07990015,81.31226748
80.8,0,69.09953856,81.19168314
80.9,0,69.11896647,81.07106471
81,0,69.13818384,80.95041255
81.1,0,69.1571906,80.82972704
81.2,0,69.1759867,80.70900854
81.3,0,69.19457208,80.58825742
81.4,0,69.21294667,80.46747404
81.5,0,69.23111044,80.34665878
81.6,0,69.24906331,80.225812
81.7,0,69.26680523,80.10493407
81.8,0,69.28433616,79.98402536
81.9,0,69.30165604,79.86308624
82,0,69.31876481,79.74211707
82.1,0,69.33566243,79.62111822
82.2,0,69.35234883,79.50009007
82.3,0,69.36882398,79.37903298
82.4,0,69.38508782,79.25794732
82.5,0,69.4011403,79.13683346
82.6,0,69.41698137,79.01569176
82.7,0,69.43261098,78.8945226
82.8,0,69.44802909,78.77332635
82.9,0,69.46323565,78.65210337
83,0,69.47823061,78.53085404
83.1,0,69.49301394,78.40957872
83.2,0,69.50758557,78.28827778
83.3,0,69.52194547,78.1669516
83.4,0,69.53609359,78.04560053
83.5,0,69.5500299,77.92422496
83.6,0,69.56375434,77.80282525
83.7,0,69.57726688,77.68140178
83.8,0,69.59056748,77.5599549
83.9,0,69.60365609,77.43848499
84,0,69.61653268,77.31699243
84.1,0,69.6291972,77.19547758
84.2,0,69.64164962,77.0739408
84.3,0,69.6538899,76.95238248
84.4,0,69.665918,76.83080298
84.5,0,69.67773389,76.70920268
84.6,0,69.68933752,76.58758193
84.7,0,69.70072887,76.46594112
84.8,0,69.7119079,76.34428061
84.9,0,69.72287458,76.22260078
85,0,69.73362887,76.10090199
85.1,0,69.74417073,75.97918462
85.2,0,69.75450015,75.85744903
85.3,0,69.76461708,75.7356956
85.4,0,69.77452149,75.6139247
85.5,0,69.78421336,75.4921367
85.6,0,69.79369266,75.37033197
85.7,0,69.80295935,75.24851088
85.8,0,69.81201341,75.1266738
85.9,0,69.82085481,75.0048211
86,0,69.82948352,74.88295316
86.1,0,69.83789952,74.76107035
86.2,0,69.84610278,74.63917303
86.3,0,69.85409328,74.51726158
86.4,0,69.86187099,74.39533637
86.5,0,69.86943589,74.27339777
86.6,0,69.87678795,74.15144615
86.7,0,69.88392716,74.02948189
86.8,0,69.89085349,73.90750535
86.9,0,69.89756692,73.78551691
87,0,69.90406743,73.66351694
87.1,0,69.910355,73.54150581
87.2,0,69.91642961,73.41948389
87.3,0,69.92229125,73.29745155
87.4,0,69.92793989,73.17540917
87.5,0,69.93337551,73.05335712
87.6,0,69.93859811,72.93129576
87.7,0,69.94360766,72.80922548
87.8,0,69.94840415,72.68714664
87.9,0,69.95298756,72.56505961
88,0,69.95735789,72.44296477
88.1,0,69.96151512,72.32086249
88.2,0,69.96545923,72.19875314
88.3,0,69.96919021,72.07663709
88.4,0,69.97270805,71.95451471
88.5,0,69.97601275,71.83238638
88.6,0,69.97910428,71.71025247
88.7,0,69.98198265,71.58811335
88.8,0,69.98464784,71.46596939
88.9,0,69.98709985,71.34382097
89,0,69.98933866,71.22166845
89.1,0,69.99136427,71.09951221
89.2,0,69.99317668,70.97735262
89.3,0,69.99477588,70.85519006
89.4,0,69.99616186,70.73302489
89.5,0,69.99733461,70.61085748
89.6,0,69.99829415,70.48868822
89.7,0,69.99904046,70.36651747
89.8,0,69.99957354,70.2443456
89.9,0,69.99989338,70.12217299
90,0,70,70
90.1,0,69.99989338,69.87782701
90.2,0,69.99957354,69.7556544
90.3,0,69.99904046,69.63348253
90.4,0,69.99829415,69.51131178
90.5,0,69.99733461,69.38914252
90.6,0,69.99616186,69.26697511
90.7,0,69.99477588,69.14480994
90.8,0,69.99317668,69.02264738
90.9,0,69.99136427,68.90048779
91,0,69.98933866,68.77833155
91.1,0,69.98709985,68.65617903
91.2,0,69.98464784,68.53403061
91.3,0,69.98198265,68.41188665
91.4,0,69.97910428,68.28974753
91.5,0,69.97601275,68.16761362
91.6,0,69.97270805,68.04548529
91.7,0,69.96919021,67.92336291
91.8,0,69.96545923,67.80124686
91.9,0,69.96151512,67.67913751
92,0,69.95735789,67.55703523
92.1,0,69.95298756,67.43494039
92.2,0,69.94840415,67.31285336
92.3,0,69.94360766,67.19077452
92.4,0,69.93859811,67.06870424
92.5,0,69.93337551,66.94664288
92.6,0,69.92793989,66.82459083
92.7,0,69.92229125,66.70254845
92.8,0,69.91642961,66.58051611
92.9,0,69.910355,66.45849419
93,0,69.90406743,66.33648306
93.1,0,69.89756692,66.21448309
93.2,0,69.89085349,66.09249465
93.3,0,69.88392716,65.97051811
93.4,0,69.87678795,65.84855385
93.5,0,69.86943589,65.72660223
93.6,0,69.86187099,65.60466363
93.7,0,69.85409328,65.48273842
93.8,0,69.84610278,65.36082697
93.9,0,69.83789952,65.23892965
94,0,69.82948352,65.11704684
94.1,0,69.82085481,64.9951789
94.2,0,69.81201341,64.8733262
94.3,0,69.80295935,64.75148912
94.4,0,69.79369266,64.62966803
94.5,0,69.78421336,64.5078633
94.6,0,69.77452149,64.3860753
94.7,0,69.76461708,64.2643044
94.8,0,69.75450015,64.14255097
94.9,0,69.74417073,64.02081538
95,0,69.73362887,63.89909801
95.1,0,69.72287458,63.77739922
95.2,0,69.7119079,63.65571939
95.3,0,69.70072887,63.53405888
95.4,0,69.68933752,63.41241807
95.5,0,69.67773389,63.29079732
95.6,0,69.665918,63.16919702
95.7,0,69.6538899,63.04761752
95.8,0,69.64164962,62.9260592
95.9,0,69.6291972,62.80452242
96,0,69.61653268,62.68300757
96.1,0,69.60365609,62.56151501
96.2,0,69.59056748,62.4400451
96.3,0,69.57726688,62.31859822
96.4,0,69.56375434,62.19717475
96.5,0,69.5500299,62.07577504
96.6,0,69.53609359,61.95439947
96.7,0,69.52194547,61.8330484
96.8,0,69.50758557,61.71172222
96.9,0,69.49301394,61.59042128
97,0,69.47823061,61.46914596
97.1,0,69.46323565,61.34789663
97.2,0,69.44802909,61.22667365
97.3,0,69.43261098,61.1054774
97.4,0,69.41698137,60.98430824
97.5,0,69.4011403,60.86316654
97.6,0,69.38508782,60.74205268
97.7,0,69.36882398,60.62096702
97.8,0,69.35234883,60.49990993
97.9,0,69.33566243,60.37888178
98,0,69.31876481,60.25788293
98.1,0,69.30165604,60.13691376
98.2,0,69.28433616,60.01597464
98.3,0,69.26680523,59.89506593
98.4,0,69.24906331,59.774188
98.5,0,69.23111044,59.65334122
98.6,0,69.21294667,59.53252596
98.7,0,69.19457208,59.41174258
98.8,0,69.1759867,59.29099146
98.9,0,69.1571906,59.17027296
99,0,69.13818384,59.04958745
99.1,0,69.11896647,58.92893529
99.2,0,69.09953856,58.80831686
99.3,0,69.07990015,58.68773252
99.4,0,69.06005131,58.56718264
99.5,0,69.03999211,58.44666759
99.6,0,69.01972259,58.32618773
99.7,0,68.99924284,58.20574343
99.8,0,68.97855289,58.08533506
99.9,0,68.95765283,57.96496298
100,0,68.93654271,57.84462756
100.1,0,68.9152226,57.72432917
100.2,0,68.89369256,57.60406818
100.3,0,68.87195266,57.48384494
100.4,0,68.85000296,57.36365983
100.5,0,68.82784353,57.24351322
100.6,0,68.80547444,57.12340546
100.7,0,68.78289576,57.00333692
100.8,0,68.76010755,56.88330798
100.9,0,68.73710989,56.76331899
101,0,68.71390284,56.64337032
101.1,0,68.69048648,56.52346234
101.2,0,68.66686087,56.40359541
101.3,0,68.6430261,56.2837699
101.4,0,68.61898222,56.16398617
101.5,0,68.59472932,56.04424459
101.6,0,68.57026747,55.92454552
101.7,0,68.54559674,55.80488933
101.8,0,68.52071721,55.68527637
101.9,0,68.49562896,55.56570702
102,0,68.47033205,55.44618164
102.1,0,68.44482657,55.3267006
102.2,0,68.4191126,55.20726425
102.3,0,68.39319021,55.08787296
102.4,0,68.36705948,54.9685271
102.5,0,68.3407205,54.84922702
102.6,0,68.31417334,54.7299731
102.7,0,68.28741808,54.6107657
102.8,0,68.2604548,54.49160517
102.9,0,68.23328359,54.37249188
103,0,68.20590453,54.2534262
103.1,0,68.17831771,54.13440848
103.2,0,68.1505232,54.01543909
103.3,0,68.12252109,53.8965184
103.4,0,68.09431147,53.77764676
103.5,0,68.06589443,53.65882453
103.6,0,68.03727004,53.54005208
103.7,0,68.0084384,53.42132978
103.8,0,67.97939959,53.30265797
103.9,0,67.95015371,53.18403703
104,0,67.92070084,53.06546731
104.1,0,67.89104107,52.94694917
104.2,0,67.86117449,52.82848299
104.3,0,67.8311012,52.71006911
104.4,0,67.80082128,52.5917079
104.5,0,67.77033483,52.47339972
104.6,0,67.73964193,52.35514492
104.7,0,67.70874269,52.23694388
104.8,0,67.6776372,52.11879694
104.9,0,67.64632555,52.00070448
105,0,67.61480784,51.88266684
105.1,0,67.58308416,51.7646844
105.2,0,67.55115461,51.6467575
105.3,0,67.51901929,51.5288865
105.4,0,67.4866783,51.41107178
105.5,0,67.45413172,51.29331367
105.6,0,67.42137968,51.17561256
105.7,0,67.38842225,51.05796878
105.8,0,67.35525955,50.94038271
105.9,0,67.32189167,50.82285469
106,0,67.28831872,50.70538509
106.1,0,67.25454079,50.58797427
106.2,0,67.220558,50.47062258
106.3,0,67.18637044,50.35333038
106.4,0,67.15197822,50.23609802
106.5,0,67.11738144,50.11892587
106.6,0,67.08258021,50.00181428
106.7,0,67.04757464,49.88476361
106.8,0,67.01236483,49.76777421
106.9,0,66.97695088,49.65084645
107,0,66.94133292,49.53398067
107.1,0,66.90551104,49.41717723
107.2,0,66.86948535,49.3004365
107.3,0,66.83325597,49.18375881
107.4,0,66.796823,49.06714454
107.5,0,66.76018655,48.95059403
107.6,0,66.72334675,48.83410765
107.7,0,66.68630369,48.71768574
107.8,0,66.64905749,48.60132865
107.9,0,66.61160827,48.48503675
108,0,66.57395614,48.36881039
108.1,0,66.53610121,48.25264993
108.2,0,66.49804361,48.1365557
108.3,0,66.45978343,48.02052808
108.4,0,66.42132082,47.90456741
108.5,0,66.38265586,47.78867405
108.6,0,66.3437887,47.67284835
108.7,0,66.30471944,47.55709066
108.8,0,66.26544821,47.44140133
108.9,0,66.22597512,47.32578073
109,0,66.18630029,47.21022919
109.1,0,66.14642385,47.09474707
109.2,0,66.10634592,46.97933473
109.3,0,66.06606661,46.86399251
109.4,0,66.02558606,46.74872077
109.5,0,65.98490438,46.63351985
109.6,0,65.9440217,46.51839012
109.7,0,65.90293814,46.40333191
109.8,0,65.86165383,46.28834558
109.9,0,65.82016889,46.17343149
110,0,65.77848346,46.05858997
110.1,0,65.73659765,45.94382138
110.2,0,65.69451159,45.82912607
110.3,0,65.65222542,45.71450439
110.4,0,65.60973926,45.59995669
110.5,0,65.56705325,45.48548331
110.6,0,65.5241675,45.37108461
110.7,0,65.48108216,45.25676094
110.8,0,65.43779735,45.14251263
110.9,0,65.3943132,45.02834005
111,0,65.35062985,44.91424353
111.1,0,65.30674744,44.80022343
111.2,0,65.26266609,44.68628009
111.3,0,65.21838593,44.57241387
111.4,0,65.17390711,44.4586251
111.5,0,65.12922976,44.34491413
111.6,0,65.08435401,44.23128131
111.7,0,65.03928001,44.11772699
111.8,0,64.99400788,44.00425151
111.9,0,64.94853777,43.89085522
112,0,64.90286982,43.77753846
112.1,0,64.85700416,43.66430158
112.2,0,64.81094094,43.55114492
112.3,0,64.76468029,43.43806883
112.4,0,64.71822235,43.32507366
112.5,0,64.67156728,43.21215973
112.6,0,64.6247152,43.09932741
112.7,0,64.57766626,42.98657704
112.8,0,64.53042061,42.87390895
112.9,0,64.48297839,42.76132349
113,0,64.43533974,42.64882101
113.1,0,64.38750481,42.53640184
113.2,0,64.33947375,42.42406633
113.3,0,64.29124669,42.31181482
113.4,0,64.2428238,42.19964766
113.5,0,64.19420521,42.08756518
113.6,0,64.14539107,41.97556772
113.7,0,64.09638153,41.86365563
113.8,0,64.04717675,41.75182926
113.9,0,63.99777687,41.64008893
114,0,63.94818203,41.52843498
114.1,0,63.89839241,41.41686777
114.2,0,63.84840813,41.30538763
114.3,0,63.79822936,41.1939949
114.4,0,63.74785626,41.08268991
114.5,0,63.69728896,40.97147301
114.6,0,63.64652763,40.86034454
114.7,0,63.59557243,40.74930483
114.8,0,63.5444235,40.63835423
114.9,0,63.493081,40.52749306
115,0,63.44154509,40.41672168
115.1,0,63.38981593,40.30604041
115.2,0,63.33789367,40.19544959
115.3,0,63.28577848,40.08494956
115.4,0,63.2334705,39.97454066
115.5,0,63.1809699,39.86422322
115.6,0,63.12827685,39.75399758
115.7,0,63.07539149,39.64386408
115.8,0,63.022314,39.53382304
115.9,0,62.96904453,39.42387481
116,0,62.91558324,39.31401972
116.1,0,62.8619303,39.20425811
116.2,0,62.80808588,39.0945903
116.3,0,62.75405013,38.98501664
116.4,0,62.69982322,38.87553746
116.5,0,62.64540531,38.76615308
116.6,0,62.59079658,38.65686385
116.7,0,62.53599718,38.5476701
116.8,0,62.48100729,38.43857215
116.9,0,62.42582707,38.32957035
117,0,62.37045669,38.22066502
117.1,0,62.31489632,38.11185649
117.2,0,62.25914613,38.00314511
117.3,0,62.20320629,37.89453119
117.4,0,62.14707696,37.78601507
117.5,0,62.09075832,37.67759707
117.6,0,62.03425055,37.56927754
117.7,0,61.9775538,37.4610568
117.8,0,61.92066827,37.35293518
117.9,0,61.86359411,37.244913
118,0,61.8063315,37.1369906
118.1,0,61.74888062,37.02916831
118.2,0,61.69124164,36.92144646
118.3,0,61.63341475,36.81382537
118.4,0,61.5754001,36.70630537
118.5,0,61.51719789,36.59888678
118.6,0,61.45880828,36.49156994
118.7,0,61.40023146,36.38435518
118.8,0,61.3414676,36.27724281
118.9,0,61.28251689,36.17023317
119,0,61.2233795,36.06332658
119.1,0,61.16405561,35.95652337
119.2,0,61.10454541,35.84982386
119.3,0,61.04484907,35.74322838
119.4,0,60.98496678,35.63673725
119.5,0,60.92489872,35.53035079
119.6,0,60.86464507,35.42406934
119.7,0,60.80420601,35.31789321
119.8,0,60.74358174,35.21182273
119.9,0,60.68277243,35.10585822
120,0,60.62177826,35
120.1,0,60.56059944,34.8942484
120.2,0,60.49923614,34.78860374
120.3,0,60.43768854,34.68306633
120.4,0,60.37595684,34.57763651
120.5,0,60.31404123,34.47231459
120.6,0,60.25194189,34.3671009
120.7,0,60.18965901,34.26199575
120.8,0,60.12719279,34.15699946
120.9,0,60.0645434,34.05211236
121,0,60.00171105,33.94733476
121.1,0,59.93869592,33.84266698
121.2,0,59.87549821,33.73810934
121.3,0,59.81211811,33.63366217
121.4,0,59.74855581,33.52932577
121.5,0,59.6848115,33.42510047
121.6,0,59.62088539,33.32098658
121.7,0,59.55677766,33.21698442
121.8,0,59.49248851,33.11309432
121.9,0,59.42801813,33.00931657
122,0,59.36336673,32.9056515
122.1,0,59.2985345,32.80209943
122.2,0,59.23352163,32.69866068
122.3,0,59.16832833,32.59533554
122.4,0,59.10295479,32.49212435
122.5,0,59.03740121,32.38902742
122.6,0,58.97166779,32.28604505
122.7,0,58.90575474,32.18317757
122.8,0,58.83966224,32.08042528
122.9,0,58.77339052,31.9777885
123,0,58.70693976,31.87526755
123.1,0,58.64031016,31.77286273
123.2,0,58.57350194,31.67057436
123.3,0,58.5065153,31.56840274
123.4,0,58.43935043,31.46634819
123.5,0,58.37200754,31.36441103
123.6,0,58.30448685,31.26259155
123.7,0,58.23678855,31.16089008
123.8,0,58.16891285,31.05930691
123.9,0,58.10085996,30.95784237
124,0,58.03263008,30.85649676
124.1,0,57.96422342,30.75527038
124.2,0,57.8956402,30.65416355
124.3,0,57.82688061,30.55317657
124.4,0,57.75794488,30.45230976
124.5,0,57.6888332,30.35156342
124.6,0,57.6195458,30.25093785
124.7,0,57.55008287,30.15043336
124.8,0,57.48044464,30.05005026
124.9,0,57.41063131,29.94978886
125,0,57.3406431,29.84964946
125.1,0,57.27048022,29.74963236
125.2,0,57.20014288,29.64973787
125.3,0,57.12963131,29.54996629
125.4,0,57.0589457,29.45031794
125.5,0,56.98808628,29.3507931
125.6,0,56.91705327,29.25139209
125.7,0,56.84584688,29.15211521
125.8,0,56.77446733,29.05296275
125.9,0,56.70291483,28.95393503
126,0,56.63118961,28.85503234
126.1,0,56.55929187,28.75625499
126.2,0,56.48722185,28.65760327
126.3,0,56.41497976,28.55907748
126.4,0,56.34256581,28.46067794
126.5,0,56.26998024,28.36240493
126.6,0,56.19722326,28.26425875
126.7,0,56.1242951,28.16623971
126.8,0,56.05119597,28.0683481
126.9,0,55.97792609,27.97058423
127,0,55.9044857,27.87294838
127.1,0,55.83087502,27.77544086
127.2,0,55.75709426,27.67806196
127.3,0,55.68314366,27.58081198
127.4,0,55.60902344,27.48369122
127.5,0,55.53473382,27.38669997
127.6,0,55.46027503,27.28983853
127.7,0,55.38564731,27.19310719
127.8,0,55.31085087,27.09650624
127.9,0,55.23588594,27.00003599
128,0,55.16075275,26.90369673
128.1,0,55.08545154,26.80748874
128.2,0,55.00998252,26.71141232
128.3,0,54.93434594,26.61546777
128.4,0,54.85854201,26.51965538
128.5,0,54.78257098,26.42397544
128.6,0,54.70643307,26.32842823
128.7,0,54.63012851,26.23301406
128.8,0,54.55365755,26.1377332
128.9,0,54.4770204,26.04258596
129,0,54.4002173,25.94757263
129.1,0,54.32324849,25.85269348
129.2,0,54.24611421,25.75794881
129.3,0,54.16881468,25.66333892
129.4,0,54.09135014,25.56886408
129.5,0,54.01372084,25.47452458
129.6,0,53.93592699,25.38032072
129.7,0,53.85796885,25.28625277
129.8,0,53.77984665,25.19232104
129.9,0,53.70156063,25.09852579
130,0,53.62311102,25.00486732
130.1,0,53.54449806,24.91134592
130.2,0,53.465722,24.81796186
130.3,0,53.38678308,24.72471543
130.4,0,53.30768153,24.63160693
130.5,0,53.22841759,24.53863662
130.6,0,53.14899151,24.44580479
130.7,0,53.06940353,24.35311173
130.8,0,52.9896539,24.26055772
130.9,0,52.90974284,24.16814304
131,0,52.82967062,24.07586797
131.1,0,52.74943746,23.98373279
131.2,0,52.66904362,23.89173779
131.3,0,52.58848935,23.79988324
131.4,0,52.50777487,23.70816943
131.5,0,52.42690046,23.61659662
131.6,0,52.34586633,23.52516511
131.7,0,52.26467276,23.43387517
131.8,0,52.18331998,23.34272708
131.9,0,52.10180824,23.25172112
132,0,52.02013778,23.16085755
132.1,0,51.93830887,23.07013667
132.2,0,51.85632174,22.97955875
132.3,0,51.77417665,22.88912405
132.4,0,51.69187384,22.79883287
132.5,0,51.60941358,22.70868547
132.6,0,51.5267961,22.61868212
132.7,0,51.44402166,22.52882311
132.8,0,51.36109052,22.4391087
132.9,0,51.27800292,22.34953917
133,0,51.19475911,22.2601148
133.1,0,51.11135936,22.17083584
133.2,0,51.02780392,22.08170258
133.3,0,50.94409304,21.9927153
133.4,0,50.86022697,21.90387424
133.5,0,50.77620597,21.8151797
133.6,0,50.6920303,21.72663194
133.7,0,50.60770021,21.63823122
133.8,0,50.52321597,21.54997783
133.9,0,50.43857782,21.46187202
134,0,50.35378602,21.37391407
134.1,0,50.26884084,21.28610424
134.2,0,50.18374254,21.1984428
134.3,0,50.09849136,21.11093002
134.4,0,50.01308757,21.02356616
134.5,0,49.92753144,20.9363515
134.6,0,49.84182322,20.84928629
134.7,0,49.75596317,20.7623708
134.8,0,49.66995156,20.6756053
134.9,0,49.58378864,20.58899005
135,0,49.49747468,20.50252532
135.1,0,49.41100995,20.41621136
135.2,0,49.3243947,20.33004844
135.3,0,49.2376292,20.24403683
135.4,0,49.15071371,20.15817678
135.5,0,49.0636485,20.07246856
135.6,0,48.97643384,19.98691243
135.7,0,48.88906998,19.90150864
135.8,0,48.8015572,19.81625746
135.9,0,48.71389576,19.73115916
136,0,48.62608593,19.64621398
136.1,0,48.53812798,19.56142218
136.2,0,48.45002217,19.47678403
136.3,0,48.36176878,19.39229979
136.4,0,48.27336806,19.3079697
136.5,0,48.1848203,19.22379403
136.6,0,48.09612576,19.13977303
136.7,0,48.0072847,19.05590696
136.8,0,47.91829742,18.97219608
136.9,0,47.82916416,18.88864064
137,0,47.7398852,18.80524089
137.1,0,47.65046083,18.72199708
137.2,0,47.5608913,18.63890948
137.3,0,47.47117689,18.55597834
137.4,0,47.38131788,18.4732039
137.5,0,47.29131453,18.39058642
137.6,0,47.20116713,18.30812616
137.7,0,47.11087595,18.22582335
137.8,0,47.02044125,18.14367826
137.9,0,46.92986333,18.06169113
138,0,46.83914245,17.97986222
138.1,0,46.74827888,17.89819176
138.2,0,46.65727292,17.81668002
138.3,0,46.56612483,17.73532724
138.4,0,46.47483489,17.65413367
138.5,0,46.38340338,17.57309954
138.6,0,46.29183057,17.49222513
138.7,0,46.20011676,17.41151065
138.8,0,46.10826221,17.33095638
138.9,0,46.01626721,17.25056254
139,0,45.92413203,17.17032938
139.1,0,45.83185696,17.09025716
139.2,0,45.73944228,17.0103461
139.3,0,45.64688827,16.93059647
139.4,0,45.55419521,16.85100849
139.5,0,45.46136338,16.77158241
139.6,0,45.36839307,16.69231847
139.7,0,45.27528457,16.61321692
139.8,0,45.18203814,16.534278
139.9,0,45.08865408,16.45550194
140,0,44.99513268,16.37688898
140.1,0,44.90147421,16.29843937
140.2,0,44.80767896,16.22015335
140.3,0,44.71374723,16.14203115
140.4,0,44.61967928,16.06407301
140.5,0,44.52547542,15.98627916
140.6,0,44.43113592,15.90864986
140.7,0,44.33666108,15.83118532
140.8,0,44.24205119,15.75388579
140.9,0,44.14730652,15.67675151
141,0,44.05242737,15.5997827
141.1,0,43.95741404,15.5229796
141.2,0,43.8622668,15.44634245
141.3,0,43.76698594,15.36987149
141.4,0,43.67157177,15.29356693
141.5,0,43.57602456,15.21742902
141.6,0,43.48034462,15.14145799
141.7,0,43.38453223,15.06565406
141.8,0,43.28858768,14.99001748
141.9,0,43.19251126,14.91454846
142,0,43.09630327,14.83924725
142.1,0,42.99996401,14.76411406
142.2,0,42.90349376,14.68914913
142.3,0,42.80689281,14.61435269
142.4,0,42.71016147,14.53972497
142.5,0,42.61330003,14.46526618
142.6,0,42.51630878,14.39097656
142.7,0,42.41918802,14.31685634
142.8,0,42.32193804,14.24290574
142.9,0,42.22455914,14.16912498
143,0,42.12705162,14.0955143
143.1,0,42.02941577,14.02207391
143.2,0,41.9316519,13.94880403
143.3,0,41.83376029,13.8757049
143.4,0,41.73574125,13.80277674
143.5,0,41.63759507,13.73001976
143.6,0,41.53932206,13.65743419
143.7,0,41.44092252,13.58502024
143.8,0,41.34239673,13.51277815
143.9,0,41.24374501,13.44070813
144,0,41.14496766,13.36881039
144.1,0,41.04606497,13.29708517
144.2,0,40.94703725,13.22553267
144.3,0,40.84788479,13.15415312
144.4,0,40.74860791,13.08294673
144.5,0,40.6492069,13.01191372
144.6,0,40.54968206,12.9410543
144.7,0,40.45003371,12.87036869
144.8,0,40.35026213,12.79985712
144.9,0,40.25036764,12.72951978
145,0,40.15035054,12.6593569
145.1,0,40.05021114,12.58936869
145.2,0,39.94994974,12.51955536
145.3,0,39.84956664,12.44991713
145.4,0,39.74906215,12.3804542
145.5,0,39.64843658,12.3111668
145.6,0,39.54769024,12.24205512
145.7,0,39.44682343,12.17311939
145.8,0,39.34583645,12.1043598
145.9,0,39.24472962,12.03577658
146,0,39.14350324,11.96736992
146.1,0,39.04215763,11.89914004
146.2,0,38.94069309,11.83108715
146.3,0,38.83910992,11.76321145
146.4,0,38.73740845,11.69551315
146.5,0,38.63558897,11.62799246
146.6,0,38.53365181,11.56064957
146.7,0,38.43159726,11.4934847
146.8,0,38.32942564,11.42649806
146.9,0,38.22713727,11.35968984
147,0,38.12473245,11.29306024
147.1,0,38.0222115,11.22660948
147.2,0,37.91957472,11.16033776
147.3,0,37.81682243,11.09424526
147.4,0,37.71395495,11.02833221
147.5,0,37.61097258,10.96259879
147.6,0,37.50787565,10.89704521
147.7,0,37.40466446,10.83167167
147.8,0,37.30133932,10.76647837
147.9,0,37.19790057,10.7014655
148,0,37.0943485,10.63663327
148.1,0,36.99068343,10.57198187
148.2,0,36.88690568,10.50751149
148.3,0,36.78301558,10.44322234
148.4,0,36.67901342,10.37911461
148.5,0,36.57489953,10.3151885
148.6,0,36.47067423,10.25144419
148.7,0,36.36633783,10.18788189
148.8,0,36.26189066,10.12450179
148.9,0,36.15733302,10.06130408
149,0,36.05266524,9.998288951
149.1,0,35.94788764,9.935456599
149.2,0,35.84300054,9.872807215
149.3,0,35.73800425,9.810340988
149.4,0,35.6328991,9.74805811
149.5,0,35.52768541,9.685958769
149.6,0,35.42236349,9.624043155
149.7,0,35.31693367,9.562311458
149.8,0,35.21139626,9.500763863
149.9,0,35.1057516,9.43940056
150,0,35,9.378221735
150.1,0,34.89414178,9.317227575
150.2,0,34.78817727,9.256418264
150.3,0,34.68210679,9.195793989
150.4,0,34.57593066,9.135354935
150.5,0,34.46964921,9.075101284
150.6,0,34.36326275,9.015033222
150.7,0,34.25677162,8.95515093
150.8,0,34.15017614,8.895454591
150.9,0,34.04347663,8.835944388
151,0,33.93667342,8.7766205
151.1,0,33.82976683,8.71748311
151.2,0,33.72275719,8.658532397
151.3,0,33.61564482,8.599768541
151.4,0,33.50843006,8.54119172
151.5,0,33.40111322,8.482802114
151.6,0,33.29369463,8.424599899
151.7,0,33.18617463,8.366585254
151.8,0,33.07855354,8.308758355
151.9,0,32.97083169,8.251119379
152,0,32.8630094,8.1936685
152.1,0,32.755087,8.136405894
152.2,0,32.64706482,8.079331735
152.3,0,32.5389432,8.022446197
152.4,0,32.43072246,7.965749454
152.5,0,32.32240293,7.909241678
152.6,0,32.21398493,7.85292304
152.7,0,32.10546881,7.796793714
152.8,0,31.99685489,7.74085387
152.9,0,31.88814351,7.685103677
153,0,31.77933498,7.629543307
153.1,0,31.67042965,7.574172928
153.2,0,31.56142785,7.518992708
153.3,0,31.4523299,7.464002817
153.4,0,31.34313615,7.409203421
153.5,0,31.23384692,7.354594688
153.6,0,31.12446254,7.300176783
153.7,0,31.01498336,7.245949873
153.8,0,30.9054097,7.191914123
153.9,0,30.79574189,7.138069697
154,0,30.68598028,7.084416759
154.1,0,30.57612519,7.030955473
154.2,0,30.46617696,6.977686002
154.3,0,30.35613592,6.924608507
154.4,0,30.24600242,6.871723152
154.5,0,30.13577678,6.819030096
154.6,0,30.02545934,6.7665295
154.7,0,29.91505044,6.714221524
154.8,0,29.80455041,6.662106327
154.9,0,29.69395959,6.610184069
155,0,29.58327832,6.558454907
155.1,0,29.47250694,6.506919
155.2,0,29.36164577,6.455576503
155.3,0,29.25069517,6.404427573
155.4,0,29.13965546,6.353472367
155.5,0,29.02852699,6.302711039
155.6,0,28.91731009,6.252143744
155.7,0,28.8060051,6.201770636
155.8,0,28.69461237,6.151591868
155.9,0,28.58313223,6.101607594
156,0,28.47156502,6.051817965
156.1,0,28.35991107,6.002223134
156.2,0,28.24817074,5.952823251
156.3,0,28.13634437,5.903618466
156.4,0,28.02443228,5.854608931
156.5,0,27.91243482,5.805794793
156.6,0,27.80035234,5.757176202
156.7,0,27.68818518,5.708753306
156.8,0,27.57593367,5.660526252
156.9,0,27.46359816,5.612495187
157,0,27.35117899,5.564660258
157.1,0,27.23867651,5.51702161
157.2,0,27.12609105,5.469579389
157.3,0,27.01342296,5.422333738
157.4,0,26.90067259,5.375284802
157.5,0,26.78784027,5.328432724
157.6,0,26.67492634,5.281777647
157.7,0,26.56193117,5.235319713
157.8,0,26.44885508,5.189059063
157.9,0,26.33569842,5.142995839
158,0,26.22246154,5.09713018
158.1,0,26.10914478,5.051462227
158.2,0,25.99574849,5.005992118
158.3,0,25.88227301,4.960719993
158.4,0,25.76871869,4.915645988
158.5,0,25.65508587,4.870770241
158.6,0,25.5413749,4.82609289
158.7,0,25.42758613,4.781614069
158.8,0,25.31371991,4.737333915
158.9,0,25.19977657,4.693252562
159,0,25.08575647,4.649370145
159.1,0,24.97165995,4.605686798
159.2,0,24.85748737,4.562202652
159.3,0,24.74323906,4.518917842
159.4,0,24.62891539,4.475832498
159.5,0,24.51451669,4.432946753
159.6,0,24.40004331,4.390260736
159.7,0,24.28549561,4.347774577
159.8,0,24.17087393,4.305488407
159.9,0,24.05617862,4.263402353
160,0,23.94141003,4.221516545
160.1,0,23.82656851,4.179831109
160.2,0,23.71165442,4.138346173
160.3,0,23.59666809,4.097061863
160.4,0,23.48160988,4.055978305
160.5,0,23.36648015,4.015095624
160.6,0,23.25127923,3.974413944
160.7,0,23.13600749,3.933933389
160.8,0,23.02066527,3.893654083
160.9,0,22.90525293,3.853576149
161,0,22.78977081,3.813699708
161.1,0,22.67421927,3.774024882
161.2,0,22.55859867,3.734551792
161.3,0,22.44290934,3.695280558
161.4,0,22.32715165,3.656211299
161.5,0,22.21132595,3.617344136
161.6,0,22.09543259,3.578679185
161.7,0,21.97947192,3.540216565
161.8,0,21.8634443,3.501956393
161.9,0,21.74735007,3.463898786
162,0,21.63118961,3.426043859
162.1,0,21.51496325,3.388391728
162.2,0,21.39867135,3.350942508
162.3,0,21.28231426,3.313696312
162.4,0,21.16589235,3.276653254
162.5,0,21.04940597,3.239813448
162.6,0,20.93285546,3.203177004
162.7,0,20.81624119,3.166744035
162.8,0,20.6995635,3.130514651
162.9,0,20.58282277,3.094488964
163,0,20.46601933,3.058667083
163.1,0,20.34915355,3.023049116
163.2,0,20.23222579,2.987635173
163.3,0,20.11523639,2.952425361
163.4,0,19.99818572,2.917419787
163.5,0,19.88107413,2.882618559
163.6,0,19.76390198,2.848021782
163.7,0,19.64666962,2.813629562
163.8,0,19.52937742,2.779442003
163.9,0,19.41202573,2.745459209
164,0,19.29461491,2.711681284
164.1,0,19.17714531,2.678108332
164.2,0,19.05961729,2.644740453
164.3,0,18.94203122,2.61157775
164.4,0,18.82438744,2.578620324
164.5,0,18.70668633,2.545868275
164.6,0,18.58892822,2.513321704
164.7,0,18.4711135,2.480980708
164.8,0,18.3532425,2.448845387
164.9,0,18.2353156,2.416915838
165,0,18.11733316,2.38519216
165.1,0,17.99929552,2.353674448
165.2,0,17.88120306,2.322362798
165.3,0,17.76305612,2.291257306
165.4,0,17.64485508,2.260358066
165.5,0,17.52660028,2.229665174
165.6,0,17.4082921,2.199178721
165.7,0,17.28993089,2.168898802
165.8,0,17.17151701,2.138825507
165.9,0,17.05305083,2.10895893
166,0,16.93453269,2.079299161
166.1,0,16.81596297,2.04984629
166.2,0,16.69734203,2.020600406
166.3,0,16.57867022,1.9915616
166.4,0,16.45994792,1.96272996
166.5,0,16.34117547,1.934105572
166.6,0,16.22235324,1.905688525
166.7,0,16.1034816,1.877478906
166.8,0,15.98456091,1.849476799
166.9,0,15.86559152,1.82168229
167,0,15.7465738,1.794095465
167.1,0,15.62750812,1.766716407
167.2,0,15.50839483,1.739545199
167.3,0,15.3892343,1.712581924
167.4,0,15.2700269,1.685826664
167.5,0,15.15077298,1.659279502
167.6,0,15.0314729,1.632940517
167.7,0,14.91212704,1.60680979
167.8,0,14.79273575,1.5808874
167.9,0,14.6732994,1.555173427
168,0,14.55381836,1.529667949
168.1,0,14.43429298,1.504371043
168.2,0,14.31472363,1.479282787
168.3,0,14.19511067,1.454403256
168.4,0,14.07545448,1.429732528
168.5,0,13.95575541,1.405270677
168.6,0,13.83601383,1.381017776
168.7,0,13.7162301,1.356973902
168.8,0,13.59640459,1.333139126
168.9,0,13.47653766,1.309513521
169,0,13.35662968,1.286097159
169.1,0,13.23668101,1.262890111
169.2,0,13.11669202,1.239892449
169.3,0,12.99666308,1.217104242
169.4,0,12.87659454,1.19452556
169.5,0,12.75648678,1.172156471
169.6,0,12.63634017,1.149997043
169.7,0,12.51615506,1.128047345
169.8,0,12.39593182,1.106307442
169.9,0,12.27567083,1.084777402
170,0,12.15537244,1.063457289
170.1,0,12.03503702,1.042347169
170.2,0,11.91466494,1.021447106
170.3,0,11.79425657,1.000757164
170.4,0,11.67381227,0.980277405
170.5,0,11.55333241,0.960007892
170.6,0,11.43281736,0.939948688
170.7,0,11.31226748,0.920099852
170.8,0,11.19168314,0.900461445
170.9,0,11.07106471,0.881033527
171,0,10.95041255,0.861816158
171.1,0,10.82972704,0.842809396
171.2,0,10.70900854,0.824013299
171.3,0,10.58825742,0.805427923
171.4,0,10.46747404,0.787053327
171.5,0,10.34665878,0.768889565
171.6,0,10.225812,0.750936693
171.7,0,10.10493407,0.733194765
171.8,0,9.984025359,0.715663836
171.9,0,9.863086236,0.69834396
172,0,9.742117067,0.681235188
172.1,0,9.621118223,0.664337573
172.2,0,9.50009007,0.647651167
172.3,0,9.379032979,0.63117602
172.4,0,9.257947318,0.614912182
172.5,0,9.136833455,0.598859704
172.6,0,9.01569176,0.583018633
172.7,0,8.894522602,0.567389019
172.8,0,8.77332635,0.551970908
172.9,0,8.652103372,0.536764348
173,0,8.530854038,0.521769385
173.1,0,8.409578718,0.506986065
173.2,0,8.288277781,0.492414433
173.3,0,8.166951597,0.478054532
173.4,0,8.045600535,0.463906408
173.5,0,7.924224964,0.449970103
173.6,0,7.802825254,0.436245659
173.7,0,7.681401776,0.422733118
173.8,0,7.559954899,0.409432522
173.9,0,7.438484994,0.396343911
174,0,7.316992429,0.383467324
174.1,0,7.195477575,0.370802802
174.2,0,7.073940803,0.358350382
174.3,0,6.952382482,0.346110103
174.4,0,6.830802983,0.334082001
174.5,0,6.709202676,0.322266114
174.6,0,6.587581932,0.310662478
174.7,0,6.465941121,0.299271127
174.8,0,6.344280614,0.288092097
174.9,0,6.222600781,0.277125421
175,0,6.100901992,0.266371134
175.1,0,5.97918462,0.255829267
175.2,0,5.857449033,0.245499853
175.3,0,5.735695604,0.235382923
175.4,0,5.613924703,0.225478508
175.5,0,5.492136701,0.215786639
175.6,0,5.370331969,0.206307344
175.7,0,5.248510878,0.197040653
175.8,0,5.126673799,0.187986594
175.9,0,5.004821103,0.179145195
176,0,4.882953162,0.170516482
176.1,0,4.761070347,0.162100482
176.2,0,4.639173028,0.15389722
176.3,0,4.517261578,0.145906721
176.4,0,4.395336367,0.13812901
176.5,0,4.273397767,0.13056411
176.6,0,4.15144615,0.123212045
176.7,0,4.029481887,0.116072837
176.8,0,3.90750535,0.109146507
176.9,0,3.785516909,0.102433077
177,0,3.663516937,0.095932567
177.1,0,3.541505805,0.089644997
177.2,0,3.419483886,0.083570386
177.3,0,3.29745155,0.077708753
177.4,0,3.175409169,0.072060115
177.5,0,3.053357116,0.066624489
177.6,0,2.931295761,0.061401893
177.7,0,2.809225477,0.056392342
177.8,0,2.687146636,0.051595851
177.9,0,2.565059609,0.047012435
178,0,2.442964769,0.042642109
178.1,0,2.320862487,0.038484884
178.2,0,2.198753135,0.034540774
178.3,0,2.076637086,0.030809792
178.4,0,1.954514711,0.027291947
178.5,0,1.832386382,0.023987252
178.6,0,1.710252471,0.020895715
178.7,0,1.58811335,0.018017347
178.8,0,1.465969392,0.015352157
178.9,0,1.343820968,0.012900151
179,0,1.221668451,0.010661339
179.1,0,1.099512212,0.008635726
179.2,0,0.977352624,0.006823319
179.3,0,0.855190058,0.005224124
179.4,0,0.733024888,0.003838144
179.5,0,0.610857485,0.002665386
179.6,0,0.488688221,0.001705851
179.7,0,0.366517468,0.000959543
179.8,0,0.244345599,0.000426464
179.9,0,0.122172986,0.000106616
180,0,4.29E-15,0
